,Unnamed: 0,Unnamed: 0.1,Unnamed: 0.1.1,Unnamed: 0.1.1.1,id,question,answer,encoded
0,0,0,0,0,N9KNS.mp4,How many times did the Person looking_at the closet/cabinet?,3,"[array([2, 3, 4, 5, 1, 6, 7, 1, 8, 0]) 9]"
1,1,1,1,1,YT2C3.mp4,How many times did the Person looking_at the table?,0,"[array([2, 3, 4, 5, 1, 6, 7, 1, 9, 0]) 9]"
2,2,2,2,2,OQ9W3.mp4,How many times did the Person looking_at the table?,0,"[array([2, 3, 4, 5, 1, 6, 7, 1, 9, 0]) 9]"
3,3,3,3,3,VQOI3.mp4,How many times did the Person looking_at the laptop?,3,"[array([ 2,  3,  4,  5,  1,  6,  7,  1, 10,  0]) 9]"
4,4,4,4,4,Y3AQ4.mp4,How many times did the Person looking_at the table?,0,"[array([2, 3, 4, 5, 1, 6, 7, 1, 9, 0]) 9]"
5,5,5,5,5,YIIFF.mp4,How many times did the Person looking_at the closet/cabinet?,1,"[array([2, 3, 4, 5, 1, 6, 7, 1, 8, 0]) 9]"
6,6,6,6,6,S4P5J.mp4,How many times did the Person looking_at the food?,11,"[array([ 2,  3,  4,  5,  1,  6,  7,  1, 11,  0]) 9]"
7,7,7,7,7,W8CWW.mp4,How many times did the Person looking_at the table?,0,"[array([2, 3, 4, 5, 1, 6, 7, 1, 9, 0]) 9]"
8,8,8,8,8,PZNVV.mp4,How many times did the Person looking_at the table?,2,"[array([2, 3, 4, 5, 1, 6, 7, 1, 9, 0]) 9]"
9,9,9,9,9,T7HZB.mp4,How many times did the Person looking_at the table?,0,"[array([2, 3, 4, 5, 1, 6, 7, 1, 9, 0]) 9]"
10,10,10,10,10,W5YUE.mp4,How many times did the Person looking_at the blanket?,2,"[array([ 2,  3,  4,  5,  1,  6,  7,  1, 12,  0]) 9]"
11,11,11,11,11,YFJ9U.mp4,How many times did the Person looking_at the pillow?,0,"[array([ 2,  3,  4,  5,  1,  6,  7,  1, 13,  0]) 9]"
12,12,12,12,12,RT1JY.mp4,How many times did the Person looking_at the sofa/couch?,2,"[array([ 2,  3,  4,  5,  1,  6,  7,  1, 14,  0]) 9]"
13,13,13,13,13,WISO0.mp4,How many times did the Person looking_at the sofa/couch?,2,"[array([ 2,  3,  4,  5,  1,  6,  7,  1, 14,  0]) 9]"
14,14,14,14,14,TZEIN.mp4,How many times did the Person looking_at the cup/glass/bottle?,1,"[array([ 2,  3,  4,  5,  1,  6,  7,  1, 15,  0]) 9]"
15,15,15,15,15,UZ2AL.mp4,How many times did the Person looking_at the food?,2,"[array([ 2,  3,  4,  5,  1,  6,  7,  1, 11,  0]) 9]"
16,16,16,16,16,UZOCD.mp4,How many times did the Person looking_at the broom?,1,"[array([ 2,  3,  4,  5,  1,  6,  7,  1, 16,  0]) 9]"
17,17,17,17,17,YONR1.mp4,How many times did the Person looking_at the book?,0,"[array([ 2,  3,  4,  5,  1,  6,  7,  1, 17,  0]) 9]"
18,18,18,18,18,N56QO.mp4,How many times did the Person looking_at the table?,1,"[array([2, 3, 4, 5, 1, 6, 7, 1, 9, 0]) 9]"
19,19,19,19,19,SROEU.mp4,How many times did the Person looking_at the closet/cabinet?,2,"[array([2, 3, 4, 5, 1, 6, 7, 1, 8, 0]) 9]"
20,20,20,20,20,SS3IL.mp4,How many times did the Person looking_at the food?,10,"[array([ 2,  3,  4,  5,  1,  6,  7,  1, 11,  0]) 9]"
21,21,21,21,21,WX8N8.mp4,How many times did the Person looking_at the blanket?,3,"[array([ 2,  3,  4,  5,  1,  6,  7,  1, 12,  0]) 9]"
22,22,22,22,22,XQVXF.mp4,How many times did the Person looking_at the table?,6,"[array([2, 3, 4, 5, 1, 6, 7, 1, 9, 0]) 9]"
23,23,23,23,23,YQOCU.mp4,How many times did the Person looking_at the food?,8,"[array([ 2,  3,  4,  5,  1,  6,  7,  1, 11,  0]) 9]"
24,24,24,24,24,QLGHA.mp4,How many times did the Person looking_at the food?,8,"[array([ 2,  3,  4,  5,  1,  6,  7,  1, 11,  0]) 9]"
25,25,25,25,25,S591U.mp4,How many times did the Person looking_at the blanket?,8,"[array([ 2,  3,  4,  5,  1,  6,  7,  1, 12,  0]) 9]"
26,26,26,26,26,VFAE3.mp4,How many times did the Person looking_at the closet/cabinet?,2,"[array([2, 3, 4, 5, 1, 6, 7, 1, 8, 0]) 9]"
27,27,27,27,27,ONMCW.mp4,How many times did the Person looking_at the table?,3,"[array([2, 3, 4, 5, 1, 6, 7, 1, 9, 0]) 9]"
28,28,28,28,28,X9M5B.mp4,How many times did the Person looking_at the sofa/couch?,0,"[array([ 2,  3,  4,  5,  1,  6,  7,  1, 14,  0]) 9]"
29,29,29,29,29,VCYH8.mp4,How many times did the Person looking_at the doorway?,0,"[array([ 2,  3,  4,  5,  1,  6,  7,  1, 18,  0]) 9]"
30,30,30,30,30,XXS99.mp4,How many times did the Person looking_at the blanket?,1,"[array([ 2,  3,  4,  5,  1,  6,  7,  1, 12,  0]) 9]"
31,31,31,31,31,PFKQ9.mp4,How many times did the Person looking_at the floor?,1,"[array([ 2,  3,  4,  5,  1,  6,  7,  1, 19,  0]) 9]"
32,32,32,32,32,N0ODO.mp4,How many times did the Person looking_at the doorway?,1,"[array([ 2,  3,  4,  5,  1,  6,  7,  1, 18,  0]) 9]"
33,33,33,33,33,SJ4QF.mp4,How many times did the Person looking_at the cup/glass/bottle?,2,"[array([ 2,  3,  4,  5,  1,  6,  7,  1, 15,  0]) 9]"
34,34,34,34,34,TRHT1.mp4,How many times did the Person looking_at the sofa/couch?,0,"[array([ 2,  3,  4,  5,  1,  6,  7,  1, 14,  0]) 9]"
35,35,35,35,35,SW5TC.mp4,How many times did the Person looking_at the blanket?,1,"[array([ 2,  3,  4,  5,  1,  6,  7,  1, 12,  0]) 9]"
36,36,36,36,36,QLFR5.mp4,How many times did the Person looking_at the table?,1,"[array([2, 3, 4, 5, 1, 6, 7, 1, 9, 0]) 9]"
37,37,37,37,37,UM5II.mp4,How many times did the Person looking_at the food?,8,"[array([ 2,  3,  4,  5,  1,  6,  7,  1, 11,  0]) 9]"
38,38,38,38,38,WM6RQ.mp4,How many times did the Person looking_at the food?,0,"[array([ 2,  3,  4,  5,  1,  6,  7,  1, 11,  0]) 9]"
39,39,39,39,39,MLWB5.mp4,How many times did the Person looking_at the towel?,4,"[array([ 2,  3,  4,  5,  1,  6,  7,  1, 20,  0]) 9]"
40,40,40,40,40,OGLCO.mp4,How many times did the Person looking_at the food?,1,"[array([ 2,  3,  4,  5,  1,  6,  7,  1, 11,  0]) 9]"
41,41,41,41,41,VW4UD.mp4,How many times did the Person looking_at the food?,14,"[array([ 2,  3,  4,  5,  1,  6,  7,  1, 11,  0]) 9]"
42,42,42,42,42,OXCDM.mp4,How many times did the Person looking_at the box?,0,"[array([ 2,  3,  4,  5,  1,  6,  7,  1, 21,  0]) 9]"
43,43,43,43,43,XTYDU.mp4,How many times did the Person looking_at the towel?,2,"[array([ 2,  3,  4,  5,  1,  6,  7,  1, 20,  0]) 9]"
44,44,44,44,44,TZ9FE.mp4,How many times did the Person looking_at the blanket?,1,"[array([ 2,  3,  4,  5,  1,  6,  7,  1, 12,  0]) 9]"
45,45,45,45,45,MZ3X9.mp4,How many times did the Person looking_at the broom?,6,"[array([ 2,  3,  4,  5,  1,  6,  7,  1, 16,  0]) 9]"
46,46,46,46,46,ODM20.mp4,How many times did the Person looking_at the table?,1,"[array([2, 3, 4, 5, 1, 6, 7, 1, 9, 0]) 9]"
47,47,47,47,47,R55C1.mp4,How many times did the Person looking_at the table?,1,"[array([2, 3, 4, 5, 1, 6, 7, 1, 9, 0]) 9]"
48,48,48,48,48,SKZUG.mp4,How many times did the Person looking_at the food?,5,"[array([ 2,  3,  4,  5,  1,  6,  7,  1, 11,  0]) 9]"
49,49,49,49,49,NHH8N.mp4,How many times did the Person looking_at the sofa/couch?,0,"[array([ 2,  3,  4,  5,  1,  6,  7,  1, 14,  0]) 9]"
50,50,50,50,50,SJ51G.mp4,How many times did the Person looking_at the blanket?,10,"[array([ 2,  3,  4,  5,  1,  6,  7,  1, 12,  0]) 9]"
51,51,51,51,51,QASDI.mp4,How many times did the Person looking_at the laptop?,7,"[array([ 2,  3,  4,  5,  1,  6,  7,  1, 10,  0]) 9]"
52,52,52,52,52,VJVHM.mp4,How many times did the Person looking_at the table?,5,"[array([2, 3, 4, 5, 1, 6, 7, 1, 9, 0]) 9]"
53,53,53,53,53,PLJIZ.mp4,How many times did the Person looking_at the blanket?,6,"[array([ 2,  3,  4,  5,  1,  6,  7,  1, 12,  0]) 9]"
54,54,54,54,54,SVIXG.mp4,How many times did the Person looking_at the food?,5,"[array([ 2,  3,  4,  5,  1,  6,  7,  1, 11,  0]) 9]"
55,55,55,55,55,Q7IQI.mp4,How many times did the Person looking_at the table?,0,"[array([2, 3, 4, 5, 1, 6, 7, 1, 9, 0]) 9]"
56,56,56,56,56,QE4YE.mp4,How many times did the Person looking_at the table?,0,"[array([2, 3, 4, 5, 1, 6, 7, 1, 9, 0]) 9]"
57,57,57,57,57,RQ3AK.mp4,How many times did the Person looking_at the pillow?,5,"[array([ 2,  3,  4,  5,  1,  6,  7,  1, 13,  0]) 9]"
58,58,58,58,58,RXCQR.mp4,How many times did the Person looking_at the clothes?,3,"[array([ 2,  3,  4,  5,  1,  6,  7,  1, 22,  0]) 9]"
59,59,59,59,59,XOWBN.mp4,How many times did the Person looking_at the table?,0,"[array([2, 3, 4, 5, 1, 6, 7, 1, 9, 0]) 9]"
60,60,60,60,60,PUA7P.mp4,How many times did the Person looking_at the food?,12,"[array([ 2,  3,  4,  5,  1,  6,  7,  1, 11,  0]) 9]"
61,61,61,61,61,PAS7F.mp4,How many times did the Person looking_at the box?,0,"[array([ 2,  3,  4,  5,  1,  6,  7,  1, 21,  0]) 9]"
62,62,62,62,62,O76GM.mp4,How many times did the Person looking_at the food?,7,"[array([ 2,  3,  4,  5,  1,  6,  7,  1, 11,  0]) 9]"
63,63,63,63,63,OHOFG.mp4,How many times did the Person looking_at the table?,0,"[array([2, 3, 4, 5, 1, 6, 7, 1, 9, 0]) 9]"
64,64,64,64,64,ZI1GC.mp4,How many times did the Person looking_at the table?,0,"[array([2, 3, 4, 5, 1, 6, 7, 1, 9, 0]) 9]"
65,65,65,65,65,PT4XS.mp4,How many times did the Person looking_at the food?,3,"[array([ 2,  3,  4,  5,  1,  6,  7,  1, 11,  0]) 9]"
66,66,66,66,66,SUG5S.mp4,How many times did the Person looking_at the food?,1,"[array([ 2,  3,  4,  5,  1,  6,  7,  1, 11,  0]) 9]"
67,67,67,67,67,SSPMK.mp4,How many times did the Person looking_at the sofa/couch?,0,"[array([ 2,  3,  4,  5,  1,  6,  7,  1, 14,  0]) 9]"
68,68,68,68,68,U2AO1.mp4,How many times did the Person looking_at the food?,6,"[array([ 2,  3,  4,  5,  1,  6,  7,  1, 11,  0]) 9]"
69,69,69,69,69,XMYXI.mp4,How many times did the Person looking_at the table?,0,"[array([2, 3, 4, 5, 1, 6, 7, 1, 9, 0]) 9]"
70,70,70,70,70,MS4GA.mp4,How many times did the Person looking_at the broom?,3,"[array([ 2,  3,  4,  5,  1,  6,  7,  1, 16,  0]) 9]"
71,71,71,71,71,R971Z.mp4,How many times did the Person looking_at the closet/cabinet?,4,"[array([2, 3, 4, 5, 1, 6, 7, 1, 8, 0]) 9]"
72,72,72,72,72,OMFVL.mp4,How many times did the Person looking_at the doorknob?,1,"[array([ 2,  3,  4,  5,  1,  6,  7,  1, 23,  0]) 9]"
73,73,73,73,73,X3UEQ.mp4,How many times did the Person looking_at the table?,0,"[array([2, 3, 4, 5, 1, 6, 7, 1, 9, 0]) 9]"
74,74,74,74,74,MLHCK.mp4,How many times did the Person looking_at the towel?,1,"[array([ 2,  3,  4,  5,  1,  6,  7,  1, 20,  0]) 9]"
75,75,75,75,75,RGTLB.mp4,How many times did the Person looking_at the table?,0,"[array([2, 3, 4, 5, 1, 6, 7, 1, 9, 0]) 9]"
76,76,76,76,76,Y75AX.mp4,How many times did the Person looking_at the paper/notebook?,9,"[array([ 2,  3,  4,  5,  1,  6,  7,  1, 24,  0]) 9]"
77,77,77,77,77,U588C.mp4,How many times did the Person looking_at the food?,2,"[array([ 2,  3,  4,  5,  1,  6,  7,  1, 11,  0]) 9]"
78,78,78,78,78,N5PLR.mp4,How many times did the Person looking_at the table?,0,"[array([2, 3, 4, 5, 1, 6, 7, 1, 9, 0]) 9]"
79,79,79,79,79,UBCH6.mp4,How many times did the Person looking_at the cup/glass/bottle?,3,"[array([ 2,  3,  4,  5,  1,  6,  7,  1, 15,  0]) 9]"
80,80,80,80,80,QMHK8.mp4,How many times did the Person looking_at the doorway?,3,"[array([ 2,  3,  4,  5,  1,  6,  7,  1, 18,  0]) 9]"
81,81,81,81,81,X9LP4.mp4,How many times did the Person looking_at the vacuum?,1,"[array([ 2,  3,  4,  5,  1,  6,  7,  1, 25,  0]) 9]"
82,82,82,82,82,P6JGZ.mp4,How many times did the Person looking_at the table?,1,"[array([2, 3, 4, 5, 1, 6, 7, 1, 9, 0]) 9]"
83,83,83,83,83,RXELU.mp4,How many times did the Person looking_at the doorway?,0,"[array([ 2,  3,  4,  5,  1,  6,  7,  1, 18,  0]) 9]"
84,84,84,84,84,NTA1U.mp4,How many times did the Person looking_at the table?,0,"[array([2, 3, 4, 5, 1, 6, 7, 1, 9, 0]) 9]"
85,85,85,85,85,PXVRF.mp4,How many times did the Person looking_at the phone/camera?,1,"[array([ 2,  3,  4,  5,  1,  6,  7,  1, 26,  0]) 9]"
86,86,86,86,86,OTIA2.mp4,How many times did the Person looking_at the table?,0,"[array([2, 3, 4, 5, 1, 6, 7, 1, 9, 0]) 9]"
87,87,87,87,87,ZMY8M.mp4,How many times did the Person looking_at the food?,9,"[array([ 2,  3,  4,  5,  1,  6,  7,  1, 11,  0]) 9]"
88,88,88,88,88,XO8NL.mp4,How many times did the Person looking_at the pillow?,1,"[array([ 2,  3,  4,  5,  1,  6,  7,  1, 13,  0]) 9]"
89,89,89,89,89,U33ZS.mp4,How many times did the Person looking_at the table?,1,"[array([2, 3, 4, 5, 1, 6, 7, 1, 9, 0]) 9]"
90,90,90,90,90,W7EDM.mp4,How many times did the Person looking_at the food?,8,"[array([ 2,  3,  4,  5,  1,  6,  7,  1, 11,  0]) 9]"
91,91,91,91,91,SH6MU.mp4,How many times did the Person looking_at the blanket?,2,"[array([ 2,  3,  4,  5,  1,  6,  7,  1, 12,  0]) 9]"
92,92,92,92,92,U5T4M.mp4,How many times did the Person looking_at the food?,8,"[array([ 2,  3,  4,  5,  1,  6,  7,  1, 11,  0]) 9]"
93,93,93,93,93,TS2DM.mp4,How many times did the Person looking_at the doorway?,0,"[array([ 2,  3,  4,  5,  1,  6,  7,  1, 18,  0]) 9]"
94,94,94,94,94,V2GC9.mp4,How many times did the Person looking_at the groceries?,7,"[array([ 2,  3,  4,  5,  1,  6,  7,  1, 27,  0]) 9]"
95,95,95,95,95,Q0IHP.mp4,How many times did the Person looking_at the food?,2,"[array([ 2,  3,  4,  5,  1,  6,  7,  1, 11,  0]) 9]"
96,96,96,96,96,YACA8.mp4,How many times did the Person looking_at the clothes?,3,"[array([ 2,  3,  4,  5,  1,  6,  7,  1, 22,  0]) 9]"
97,97,97,97,97,SY5QP.mp4,How many times did the Person looking_at the food?,5,"[array([ 2,  3,  4,  5,  1,  6,  7,  1, 11,  0]) 9]"
98,98,98,98,98,OVFVJ.mp4,How many times did the Person looking_at the blanket?,6,"[array([ 2,  3,  4,  5,  1,  6,  7,  1, 12,  0]) 9]"
99,99,99,99,99,ZB5J4.mp4,How many times did the Person looking_at the food?,0,"[array([ 2,  3,  4,  5,  1,  6,  7,  1, 11,  0]) 9]"
100,100,100,100,100,OGX19.mp4,How many times did the Person looking_at the chair?,0,"[array([ 2,  3,  4,  5,  1,  6,  7,  1, 28,  0]) 9]"
101,101,101,101,101,Y80PJ.mp4,How many times did the Person looking_at the food?,7,"[array([ 2,  3,  4,  5,  1,  6,  7,  1, 11,  0]) 9]"
102,102,102,102,102,NO1GJ.mp4,How many times did the Person looking_at the towel?,6,"[array([ 2,  3,  4,  5,  1,  6,  7,  1, 20,  0]) 9]"
103,103,103,103,103,WX711.mp4,How many times did the Person looking_at the sofa/couch?,0,"[array([ 2,  3,  4,  5,  1,  6,  7,  1, 14,  0]) 9]"
104,104,104,104,104,PTAZ9.mp4,How many times did the Person looking_at the food?,3,"[array([ 2,  3,  4,  5,  1,  6,  7,  1, 11,  0]) 9]"
105,105,105,105,105,MPN7K.mp4,How many times did the Person looking_at the sofa/couch?,0,"[array([ 2,  3,  4,  5,  1,  6,  7,  1, 14,  0]) 9]"
106,106,106,106,106,YLEEO.mp4,How many times did the Person looking_at the food?,2,"[array([ 2,  3,  4,  5,  1,  6,  7,  1, 11,  0]) 9]"
107,107,107,107,107,PBEUF.mp4,How many times did the Person looking_at the table?,0,"[array([2, 3, 4, 5, 1, 6, 7, 1, 9, 0]) 9]"
108,108,108,108,108,T42IZ.mp4,How many times did the Person looking_at the food?,4,"[array([ 2,  3,  4,  5,  1,  6,  7,  1, 11,  0]) 9]"
109,109,109,109,109,VXZBA.mp4,How many times did the Person looking_at the sofa/couch?,0,"[array([ 2,  3,  4,  5,  1,  6,  7,  1, 14,  0]) 9]"
110,110,110,110,110,UEVVN.mp4,How many times did the Person looking_at the doorknob?,1,"[array([ 2,  3,  4,  5,  1,  6,  7,  1, 23,  0]) 9]"
111,111,111,111,111,RPY8D.mp4,How many times did the Person looking_at the sofa/couch?,0,"[array([ 2,  3,  4,  5,  1,  6,  7,  1, 14,  0]) 9]"
112,112,112,112,112,PXY5Q.mp4,How many times did the Person looking_at the table?,0,"[array([2, 3, 4, 5, 1, 6, 7, 1, 9, 0]) 9]"
113,113,113,113,113,V6H2O.mp4,How many times did the Person looking_at the doorway?,0,"[array([ 2,  3,  4,  5,  1,  6,  7,  1, 18,  0]) 9]"
114,114,114,114,114,QD1U7.mp4,How many times did the Person looking_at the table?,2,"[array([2, 3, 4, 5, 1, 6, 7, 1, 9, 0]) 9]"
115,115,115,115,115,RGNQD.mp4,How many times did the Person looking_at the food?,2,"[array([ 2,  3,  4,  5,  1,  6,  7,  1, 11,  0]) 9]"
116,116,116,116,116,U08M9.mp4,How many times did the Person looking_at the closet/cabinet?,2,"[array([2, 3, 4, 5, 1, 6, 7, 1, 8, 0]) 9]"
117,117,117,117,117,ZF7YA.mp4,How many times did the Person looking_at the doorknob?,0,"[array([ 2,  3,  4,  5,  1,  6,  7,  1, 23,  0]) 9]"
118,118,118,118,118,X817Z.mp4,How many times did the Person looking_at the food?,7,"[array([ 2,  3,  4,  5,  1,  6,  7,  1, 11,  0]) 9]"
119,119,119,119,119,PZ0ND.mp4,How many times did the Person looking_at the clothes?,3,"[array([ 2,  3,  4,  5,  1,  6,  7,  1, 22,  0]) 9]"
120,120,120,120,120,SB8G0.mp4,How many times did the Person looking_at the food?,0,"[array([ 2,  3,  4,  5,  1,  6,  7,  1, 11,  0]) 9]"
121,121,121,121,121,QZZPS.mp4,How many times did the Person looking_at the food?,3,"[array([ 2,  3,  4,  5,  1,  6,  7,  1, 11,  0]) 9]"
122,122,122,122,122,QMIKJ.mp4,How many times did the Person looking_at the table?,1,"[array([2, 3, 4, 5, 1, 6, 7, 1, 9, 0]) 9]"
123,123,123,123,123,NACLT.mp4,How many times did the Person looking_at the doorway?,0,"[array([ 2,  3,  4,  5,  1,  6,  7,  1, 18,  0]) 9]"
124,124,124,124,124,U7AAB.mp4,How many times did the Person looking_at the table?,0,"[array([2, 3, 4, 5, 1, 6, 7, 1, 9, 0]) 9]"
125,125,125,125,125,OPMF7.mp4,How many times did the Person looking_at the clothes?,1,"[array([ 2,  3,  4,  5,  1,  6,  7,  1, 22,  0]) 9]"
126,126,126,126,126,SR8IK.mp4,How many times did the Person looking_at the table?,0,"[array([2, 3, 4, 5, 1, 6, 7, 1, 9, 0]) 9]"
127,127,127,127,127,TR652.mp4,How many times did the Person looking_at the blanket?,5,"[array([ 2,  3,  4,  5,  1,  6,  7,  1, 12,  0]) 9]"
128,128,128,128,128,WZDXS.mp4,How many times did the Person looking_at the food?,4,"[array([ 2,  3,  4,  5,  1,  6,  7,  1, 11,  0]) 9]"
129,129,129,129,129,OQSXX.mp4,How many times did the Person looking_at the sofa/couch?,0,"[array([ 2,  3,  4,  5,  1,  6,  7,  1, 14,  0]) 9]"
130,130,130,130,130,N86ED.mp4,How many times did the Person looking_at the food?,6,"[array([ 2,  3,  4,  5,  1,  6,  7,  1, 11,  0]) 9]"
131,131,131,131,131,TTVN5.mp4,How many times did the Person looking_at the sofa/couch?,0,"[array([ 2,  3,  4,  5,  1,  6,  7,  1, 14,  0]) 9]"
132,132,132,132,132,REMG0.mp4,How many times did the Person looking_at the mirror?,1,"[array([ 2,  3,  4,  5,  1,  6,  7,  1, 29,  0]) 9]"
133,133,133,133,133,POACA.mp4,How many times did the Person looking_at the sofa/couch?,0,"[array([ 2,  3,  4,  5,  1,  6,  7,  1, 14,  0]) 9]"
134,134,134,134,134,PSAVM.mp4,How many times did the Person looking_at the clothes?,1,"[array([ 2,  3,  4,  5,  1,  6,  7,  1, 22,  0]) 9]"
135,135,135,135,135,RPXAC.mp4,How many times did the Person looking_at the clothes?,4,"[array([ 2,  3,  4,  5,  1,  6,  7,  1, 22,  0]) 9]"
136,136,136,136,136,UO4X0.mp4,How many times did the Person looking_at the pillow?,3,"[array([ 2,  3,  4,  5,  1,  6,  7,  1, 13,  0]) 9]"
137,137,137,137,137,RUKXT.mp4,How many times did the Person looking_at the floor?,3,"[array([ 2,  3,  4,  5,  1,  6,  7,  1, 19,  0]) 9]"
138,138,138,138,138,WTIQ3.mp4,How many times did the Person looking_at the groceries?,0,"[array([ 2,  3,  4,  5,  1,  6,  7,  1, 27,  0]) 9]"
139,139,139,139,139,SLHDI.mp4,How many times did the Person looking_at the groceries?,3,"[array([ 2,  3,  4,  5,  1,  6,  7,  1, 27,  0]) 9]"
140,140,140,140,140,WZZPC.mp4,How many times did the Person looking_at the doorway?,0,"[array([ 2,  3,  4,  5,  1,  6,  7,  1, 18,  0]) 9]"
141,141,141,141,141,PC92A.mp4,How many times did the Person looking_at the table?,0,"[array([2, 3, 4, 5, 1, 6, 7, 1, 9, 0]) 9]"
142,142,142,142,142,OB660.mp4,How many times did the Person looking_at the table?,0,"[array([2, 3, 4, 5, 1, 6, 7, 1, 9, 0]) 9]"
143,143,143,143,143,T7ST5.mp4,How many times did the Person looking_at the food?,4,"[array([ 2,  3,  4,  5,  1,  6,  7,  1, 11,  0]) 9]"
144,144,144,144,144,SLT0S.mp4,How many times did the Person looking_at the chair?,0,"[array([ 2,  3,  4,  5,  1,  6,  7,  1, 28,  0]) 9]"
145,145,145,145,145,NL9AW.mp4,How many times did the Person looking_at the food?,0,"[array([ 2,  3,  4,  5,  1,  6,  7,  1, 11,  0]) 9]"
146,146,146,146,146,Y1HGC.mp4,How many times did the Person looking_at the doorway?,0,"[array([ 2,  3,  4,  5,  1,  6,  7,  1, 18,  0]) 9]"
147,147,147,147,147,T5SI3.mp4,How many times did the Person looking_at the table?,1,"[array([2, 3, 4, 5, 1, 6, 7, 1, 9, 0]) 9]"
148,148,148,148,148,X8JVY.mp4,How many times did the Person looking_at the food?,9,"[array([ 2,  3,  4,  5,  1,  6,  7,  1, 11,  0]) 9]"
149,149,149,149,149,TDAY1.mp4,How many times did the Person looking_at the broom?,3,"[array([ 2,  3,  4,  5,  1,  6,  7,  1, 16,  0]) 9]"
150,150,150,150,150,UE638.mp4,How many times did the Person looking_at the food?,1,"[array([ 2,  3,  4,  5,  1,  6,  7,  1, 11,  0]) 9]"
151,151,151,151,151,ULD0T.mp4,How many times did the Person looking_at the doorway?,0,"[array([ 2,  3,  4,  5,  1,  6,  7,  1, 18,  0]) 9]"
152,152,152,152,152,TIWRY.mp4,How many times did the Person looking_at the food?,5,"[array([ 2,  3,  4,  5,  1,  6,  7,  1, 11,  0]) 9]"
153,153,153,153,153,Z5URX.mp4,How many times did the Person looking_at the food?,14,"[array([ 2,  3,  4,  5,  1,  6,  7,  1, 11,  0]) 9]"
154,154,154,154,154,W292V.mp4,How many times did the Person looking_at the table?,0,"[array([2, 3, 4, 5, 1, 6, 7, 1, 9, 0]) 9]"
155,155,155,155,155,MRZ44.mp4,How many times did the Person looking_at the food?,4,"[array([ 2,  3,  4,  5,  1,  6,  7,  1, 11,  0]) 9]"
156,156,156,156,156,W0XPU.mp4,How many times did the Person looking_at the food?,9,"[array([ 2,  3,  4,  5,  1,  6,  7,  1, 11,  0]) 9]"
157,157,157,157,157,VXJS4.mp4,How many times did the Person looking_at the doorway?,0,"[array([ 2,  3,  4,  5,  1,  6,  7,  1, 18,  0]) 9]"
158,158,158,158,158,VF49P.mp4,How many times did the Person looking_at the pillow?,1,"[array([ 2,  3,  4,  5,  1,  6,  7,  1, 13,  0]) 9]"
159,159,159,159,159,O1PD3.mp4,How many times did the Person looking_at the clothes?,2,"[array([ 2,  3,  4,  5,  1,  6,  7,  1, 22,  0]) 9]"
160,160,160,160,160,YQ2M5.mp4,How many times did the Person looking_at the floor?,1,"[array([ 2,  3,  4,  5,  1,  6,  7,  1, 19,  0]) 9]"
161,161,161,161,161,YWS08.mp4,How many times did the Person looking_at the shoe?,1,"[array([ 2,  3,  4,  5,  1,  6,  7,  1, 30,  0]) 9]"
162,162,162,162,162,V0WK7.mp4,How many times did the Person looking_at the clothes?,3,"[array([ 2,  3,  4,  5,  1,  6,  7,  1, 22,  0]) 9]"
163,163,163,163,163,YYLKT.mp4,How many times did the Person looking_at the food?,9,"[array([ 2,  3,  4,  5,  1,  6,  7,  1, 11,  0]) 9]"
164,164,164,164,164,R5B50.mp4,How many times did the Person looking_at the clothes?,4,"[array([ 2,  3,  4,  5,  1,  6,  7,  1, 22,  0]) 9]"
165,165,165,165,165,P8G2P.mp4,How many times did the Person looking_at the paper/notebook?,5,"[array([ 2,  3,  4,  5,  1,  6,  7,  1, 24,  0]) 9]"
166,166,166,166,166,VHD24.mp4,How many times did the Person looking_at the food?,6,"[array([ 2,  3,  4,  5,  1,  6,  7,  1, 11,  0]) 9]"
167,167,167,167,167,YE6TZ.mp4,How many times did the Person looking_at the closet/cabinet?,3,"[array([2, 3, 4, 5, 1, 6, 7, 1, 8, 0]) 9]"
168,168,168,168,168,UQJ5W.mp4,How many times did the Person looking_at the food?,3,"[array([ 2,  3,  4,  5,  1,  6,  7,  1, 11,  0]) 9]"
169,169,169,169,169,SBI6Z.mp4,How many times did the Person looking_at the table?,0,"[array([2, 3, 4, 5, 1, 6, 7, 1, 9, 0]) 9]"
170,170,170,170,170,TCJWE.mp4,How many times did the Person looking_at the food?,4,"[array([ 2,  3,  4,  5,  1,  6,  7,  1, 11,  0]) 9]"
171,171,171,171,171,N1E7A.mp4,How many times did the Person looking_at the food?,8,"[array([ 2,  3,  4,  5,  1,  6,  7,  1, 11,  0]) 9]"
172,172,172,172,172,RON2M.mp4,How many times did the Person looking_at the closet/cabinet?,3,"[array([2, 3, 4, 5, 1, 6, 7, 1, 8, 0]) 9]"
173,173,173,173,173,SZVCR.mp4,How many times did the Person looking_at the mirror?,1,"[array([ 2,  3,  4,  5,  1,  6,  7,  1, 29,  0]) 9]"
174,174,174,174,174,XSVLL.mp4,How many times did the Person looking_at the table?,0,"[array([2, 3, 4, 5, 1, 6, 7, 1, 9, 0]) 9]"
175,175,175,175,175,WKVWF.mp4,How many times did the Person looking_at the table?,0,"[array([2, 3, 4, 5, 1, 6, 7, 1, 9, 0]) 9]"
176,176,176,176,176,Q3BCC.mp4,How many times did the Person looking_at the doorknob?,1,"[array([ 2,  3,  4,  5,  1,  6,  7,  1, 23,  0]) 9]"
177,177,177,177,177,OU3XH.mp4,How many times did the Person looking_at the table?,3,"[array([2, 3, 4, 5, 1, 6, 7, 1, 9, 0]) 9]"
178,178,178,178,178,UX0YW.mp4,How many times did the Person looking_at the broom?,11,"[array([ 2,  3,  4,  5,  1,  6,  7,  1, 16,  0]) 9]"
179,179,179,179,179,VU760.mp4,How many times did the Person looking_at the sofa/couch?,0,"[array([ 2,  3,  4,  5,  1,  6,  7,  1, 14,  0]) 9]"
180,180,180,180,180,UOZES.mp4,How many times did the Person looking_at the bed?,0,"[array([ 2,  3,  4,  5,  1,  6,  7,  1, 31,  0]) 9]"
181,181,181,181,181,SLAH4.mp4,How many times did the Person looking_at the table?,1,"[array([2, 3, 4, 5, 1, 6, 7, 1, 9, 0]) 9]"
182,182,182,182,182,UD0P0.mp4,How many times did the Person looking_at the table?,2,"[array([2, 3, 4, 5, 1, 6, 7, 1, 9, 0]) 9]"
183,183,183,183,183,S7OTQ.mp4,How many times did the Person looking_at the chair?,0,"[array([ 2,  3,  4,  5,  1,  6,  7,  1, 28,  0]) 9]"
184,184,184,184,184,PJDUN.mp4,How many times did the Person looking_at the table?,0,"[array([2, 3, 4, 5, 1, 6, 7, 1, 9, 0]) 9]"
185,185,185,185,185,N6FZ7.mp4,How many times did the Person looking_at the table?,2,"[array([2, 3, 4, 5, 1, 6, 7, 1, 9, 0]) 9]"
186,186,186,186,186,NF45F.mp4,How many times did the Person looking_at the doorway?,1,"[array([ 2,  3,  4,  5,  1,  6,  7,  1, 18,  0]) 9]"
187,187,187,187,187,S2FUO.mp4,How many times did the Person looking_at the food?,11,"[array([ 2,  3,  4,  5,  1,  6,  7,  1, 11,  0]) 9]"
188,188,188,188,188,NKLTK.mp4,How many times did the Person looking_at the chair?,0,"[array([ 2,  3,  4,  5,  1,  6,  7,  1, 28,  0]) 9]"
189,189,189,189,189,T1JWU.mp4,How many times did the Person looking_at the floor?,2,"[array([ 2,  3,  4,  5,  1,  6,  7,  1, 19,  0]) 9]"
190,190,190,190,190,RG0KS.mp4,How many times did the Person looking_at the blanket?,5,"[array([ 2,  3,  4,  5,  1,  6,  7,  1, 12,  0]) 9]"
191,191,191,191,191,WPU76.mp4,How many times did the Person looking_at the table?,1,"[array([2, 3, 4, 5, 1, 6, 7, 1, 9, 0]) 9]"
192,192,192,192,192,VIN5T.mp4,How many times did the Person looking_at the pillow?,2,"[array([ 2,  3,  4,  5,  1,  6,  7,  1, 13,  0]) 9]"
193,193,193,193,193,MWPZ1.mp4,How many times did the Person looking_at the clothes?,8,"[array([ 2,  3,  4,  5,  1,  6,  7,  1, 22,  0]) 9]"
194,194,194,194,194,TUJF4.mp4,How many times did the Person looking_at the doorway?,0,"[array([ 2,  3,  4,  5,  1,  6,  7,  1, 18,  0]) 9]"
195,195,195,195,195,ZTWJB.mp4,How many times did the Person looking_at the sofa/couch?,3,"[array([ 2,  3,  4,  5,  1,  6,  7,  1, 14,  0]) 9]"
196,196,196,196,196,LYY21.mp4,How many times did the Person looking_at the food?,4,"[array([ 2,  3,  4,  5,  1,  6,  7,  1, 11,  0]) 9]"
197,197,197,197,197,NHYRG.mp4,How many times did the Person looking_at the closet/cabinet?,3,"[array([2, 3, 4, 5, 1, 6, 7, 1, 8, 0]) 9]"
198,198,198,198,198,PN1F2.mp4,How many times did the Person looking_at the food?,4,"[array([ 2,  3,  4,  5,  1,  6,  7,  1, 11,  0]) 9]"
199,199,199,199,199,RCW5X.mp4,How many times did the Person looking_at the window?,1,"[array([ 2,  3,  4,  5,  1,  6,  7,  1, 32,  0]) 9]"
200,200,200,200,200,W86WR.mp4,How many times did the Person looking_at the table?,0,"[array([2, 3, 4, 5, 1, 6, 7, 1, 9, 0]) 9]"
201,201,201,201,201,MFGLZ.mp4,How many times did the Person looking_at the food?,3,"[array([ 2,  3,  4,  5,  1,  6,  7,  1, 11,  0]) 9]"
202,202,202,202,202,YHXU9.mp4,How many times did the Person looking_at the paper/notebook?,4,"[array([ 2,  3,  4,  5,  1,  6,  7,  1, 24,  0]) 9]"
203,203,203,203,203,O3HV7.mp4,How many times did the Person looking_at the blanket?,0,"[array([ 2,  3,  4,  5,  1,  6,  7,  1, 12,  0]) 9]"
204,204,204,204,204,OY3LS.mp4,How many times did the Person looking_at the table?,0,"[array([2, 3, 4, 5, 1, 6, 7, 1, 9, 0]) 9]"
205,205,205,205,205,X11CU.mp4,How many times did the Person looking_at the table?,0,"[array([2, 3, 4, 5, 1, 6, 7, 1, 9, 0]) 9]"
206,206,206,206,206,TCOXG.mp4,How many times did the Person looking_at the table?,0,"[array([2, 3, 4, 5, 1, 6, 7, 1, 9, 0]) 9]"
207,207,207,207,207,W4WQ0.mp4,How many times did the Person looking_at the food?,3,"[array([ 2,  3,  4,  5,  1,  6,  7,  1, 11,  0]) 9]"
208,208,208,208,208,Y44TV.mp4,How many times did the Person looking_at the towel?,4,"[array([ 2,  3,  4,  5,  1,  6,  7,  1, 20,  0]) 9]"
209,209,209,209,209,MME0V.mp4,How many times did the Person looking_at the door?,1,"[array([ 2,  3,  4,  5,  1,  6,  7,  1, 33,  0]) 9]"
210,210,210,210,210,PTQE0.mp4,How many times did the Person looking_at the food?,6,"[array([ 2,  3,  4,  5,  1,  6,  7,  1, 11,  0]) 9]"
211,211,211,211,211,STGCD.mp4,How many times did the Person looking_at the table?,0,"[array([2, 3, 4, 5, 1, 6, 7, 1, 9, 0]) 9]"
212,212,212,212,212,NBSPH.mp4,How many times did the Person looking_at the table?,3,"[array([2, 3, 4, 5, 1, 6, 7, 1, 9, 0]) 9]"
213,213,213,213,213,Y8L60.mp4,How many times did the Person looking_at the closet/cabinet?,3,"[array([2, 3, 4, 5, 1, 6, 7, 1, 8, 0]) 9]"
214,214,214,214,214,MVPPS.mp4,How many times did the Person looking_at the table?,2,"[array([2, 3, 4, 5, 1, 6, 7, 1, 9, 0]) 9]"
215,215,215,215,215,V1WN7.mp4,How many times did the Person looking_at the clothes?,4,"[array([ 2,  3,  4,  5,  1,  6,  7,  1, 22,  0]) 9]"
216,216,216,216,216,XPXWY.mp4,How many times did the Person looking_at the groceries?,0,"[array([ 2,  3,  4,  5,  1,  6,  7,  1, 27,  0]) 9]"
217,217,217,217,217,NUW9G.mp4,How many times did the Person looking_at the towel?,6,"[array([ 2,  3,  4,  5,  1,  6,  7,  1, 20,  0]) 9]"
218,218,218,218,218,RSFGZ.mp4,How many times did the Person looking_at the clothes?,5,"[array([ 2,  3,  4,  5,  1,  6,  7,  1, 22,  0]) 9]"
219,219,219,219,219,XHN6Y.mp4,How many times did the Person looking_at the food?,3,"[array([ 2,  3,  4,  5,  1,  6,  7,  1, 11,  0]) 9]"
220,220,220,220,220,VWFJA.mp4,How many times did the Person looking_at the refrigerator?,1,"[array([ 2,  3,  4,  5,  1,  6,  7,  1, 34,  0]) 9]"
221,221,221,221,221,Q5K4X.mp4,How many times did the Person looking_at the picture?,2,"[array([ 2,  3,  4,  5,  1,  6,  7,  1, 35,  0]) 9]"
222,222,222,222,222,PEWH4.mp4,How many times did the Person looking_at the food?,3,"[array([ 2,  3,  4,  5,  1,  6,  7,  1, 11,  0]) 9]"
223,223,223,223,223,S2S7I.mp4,How many times did the Person looking_at the table?,0,"[array([2, 3, 4, 5, 1, 6, 7, 1, 9, 0]) 9]"
224,224,224,224,224,ZXHCH.mp4,How many times did the Person looking_at the table?,0,"[array([2, 3, 4, 5, 1, 6, 7, 1, 9, 0]) 9]"
225,225,225,225,225,Q5YDL.mp4,How many times did the Person looking_at the food?,10,"[array([ 2,  3,  4,  5,  1,  6,  7,  1, 11,  0]) 9]"
226,226,226,226,226,OUPCK.mp4,How many times did the Person looking_at the food?,10,"[array([ 2,  3,  4,  5,  1,  6,  7,  1, 11,  0]) 9]"
227,227,227,227,227,Y0MCG.mp4,How many times did the Person looking_at the sofa/couch?,4,"[array([ 2,  3,  4,  5,  1,  6,  7,  1, 14,  0]) 9]"
228,228,228,228,228,S5YJG.mp4,How many times did the Person looking_at the broom?,2,"[array([ 2,  3,  4,  5,  1,  6,  7,  1, 16,  0]) 9]"
229,229,229,229,229,MTOFZ.mp4,How many times did the Person looking_at the food?,0,"[array([ 2,  3,  4,  5,  1,  6,  7,  1, 11,  0]) 9]"
230,230,230,230,230,ZZ4GP.mp4,How many times did the Person looking_at the food?,1,"[array([ 2,  3,  4,  5,  1,  6,  7,  1, 11,  0]) 9]"
231,231,231,231,231,QUAFE.mp4,How many times did the Person looking_at the clothes?,4,"[array([ 2,  3,  4,  5,  1,  6,  7,  1, 22,  0]) 9]"
232,232,232,232,232,YUTDC.mp4,How many times did the Person looking_at the cup/glass/bottle?,4,"[array([ 2,  3,  4,  5,  1,  6,  7,  1, 15,  0]) 9]"
233,233,233,233,233,TBEV0.mp4,How many times did the Person looking_at the sofa/couch?,0,"[array([ 2,  3,  4,  5,  1,  6,  7,  1, 14,  0]) 9]"
234,234,234,234,234,OGZYC.mp4,How many times did the Person looking_at the table?,1,"[array([2, 3, 4, 5, 1, 6, 7, 1, 9, 0]) 9]"
235,235,235,235,235,OFFQ4.mp4,How many times did the Person looking_at the sofa/couch?,0,"[array([ 2,  3,  4,  5,  1,  6,  7,  1, 14,  0]) 9]"
236,236,236,236,236,TNDT2.mp4,How many times did the Person looking_at the food?,6,"[array([ 2,  3,  4,  5,  1,  6,  7,  1, 11,  0]) 9]"
237,237,237,237,237,VAV4C.mp4,How many times did the Person looking_at the food?,5,"[array([ 2,  3,  4,  5,  1,  6,  7,  1, 11,  0]) 9]"
238,238,238,238,238,SCFIN.mp4,How many times did the Person looking_at the towel?,1,"[array([ 2,  3,  4,  5,  1,  6,  7,  1, 20,  0]) 9]"
239,239,239,239,239,YN3AA.mp4,How many times did the Person looking_at the food?,2,"[array([ 2,  3,  4,  5,  1,  6,  7,  1, 11,  0]) 9]"
240,240,240,240,240,QYM5H.mp4,How many times did the Person looking_at the blanket?,3,"[array([ 2,  3,  4,  5,  1,  6,  7,  1, 12,  0]) 9]"
241,241,241,241,241,N0NLE.mp4,How many times did the Person looking_at the phone/camera?,2,"[array([ 2,  3,  4,  5,  1,  6,  7,  1, 26,  0]) 9]"
242,242,242,242,242,PMJKO.mp4,How many times did the Person looking_at the cup/glass/bottle?,1,"[array([ 2,  3,  4,  5,  1,  6,  7,  1, 15,  0]) 9]"
243,243,243,243,243,URAIM.mp4,How many times did the Person looking_at the table?,1,"[array([2, 3, 4, 5, 1, 6, 7, 1, 9, 0]) 9]"
244,244,244,244,244,XHYA2.mp4,How many times did the Person looking_at the closet/cabinet?,6,"[array([2, 3, 4, 5, 1, 6, 7, 1, 8, 0]) 9]"
245,245,245,245,245,OWCJT.mp4,How many times did the Person looking_at the clothes?,4,"[array([ 2,  3,  4,  5,  1,  6,  7,  1, 22,  0]) 9]"
246,246,246,246,246,OHNUQ.mp4,How many times did the Person looking_at the food?,0,"[array([ 2,  3,  4,  5,  1,  6,  7,  1, 11,  0]) 9]"
247,247,247,247,247,T42A2.mp4,How many times did the Person looking_at the blanket?,3,"[array([ 2,  3,  4,  5,  1,  6,  7,  1, 12,  0]) 9]"
248,248,248,248,248,OJYDD.mp4,How many times did the Person looking_at the table?,0,"[array([2, 3, 4, 5, 1, 6, 7, 1, 9, 0]) 9]"
249,249,249,249,249,O7YEF.mp4,How many times did the Person looking_at the table?,0,"[array([2, 3, 4, 5, 1, 6, 7, 1, 9, 0]) 9]"
250,250,250,250,250,V3SOF.mp4,How many times did the Person looking_at the closet/cabinet?,1,"[array([2, 3, 4, 5, 1, 6, 7, 1, 8, 0]) 9]"
251,251,251,251,251,PRTAJ.mp4,How many times did the Person looking_at the clothes?,4,"[array([ 2,  3,  4,  5,  1,  6,  7,  1, 22,  0]) 9]"
252,252,252,252,252,RKJ0C.mp4,How many times did the Person looking_at the table?,0,"[array([2, 3, 4, 5, 1, 6, 7, 1, 9, 0]) 9]"
253,253,253,253,253,X4BQG.mp4,How many times did the Person looking_at the paper/notebook?,3,"[array([ 2,  3,  4,  5,  1,  6,  7,  1, 24,  0]) 9]"
254,254,254,254,254,T5ECU.mp4,How many times did the Person looking_at the window?,6,"[array([ 2,  3,  4,  5,  1,  6,  7,  1, 32,  0]) 9]"
255,255,255,255,255,T9EHP.mp4,How many times did the Person looking_at the chair?,0,"[array([ 2,  3,  4,  5,  1,  6,  7,  1, 28,  0]) 9]"
256,256,256,256,256,X95D0.mp4,How many times did the Person looking_at the table?,0,"[array([2, 3, 4, 5, 1, 6, 7, 1, 9, 0]) 9]"
257,257,257,257,257,OOWBP.mp4,How many times did the Person looking_at the table?,2,"[array([2, 3, 4, 5, 1, 6, 7, 1, 9, 0]) 9]"
258,258,258,258,258,T96JC.mp4,How many times did the Person looking_at the doorway?,3,"[array([ 2,  3,  4,  5,  1,  6,  7,  1, 18,  0]) 9]"
259,259,259,259,259,QY2ZD.mp4,How many times did the Person looking_at the chair?,0,"[array([ 2,  3,  4,  5,  1,  6,  7,  1, 28,  0]) 9]"
260,260,260,260,260,QBUAT.mp4,How many times did the Person looking_at the blanket?,10,"[array([ 2,  3,  4,  5,  1,  6,  7,  1, 12,  0]) 9]"
261,261,261,261,261,WXXYY.mp4,How many times did the Person looking_at the table?,0,"[array([2, 3, 4, 5, 1, 6, 7, 1, 9, 0]) 9]"
262,262,262,262,262,YIG5G.mp4,How many times did the Person looking_at the table?,0,"[array([2, 3, 4, 5, 1, 6, 7, 1, 9, 0]) 9]"
263,263,263,263,263,MRTH4.mp4,How many times did the Person looking_at the shoe?,3,"[array([ 2,  3,  4,  5,  1,  6,  7,  1, 30,  0]) 9]"
264,264,264,264,264,SX248.mp4,How many times did the Person looking_at the towel?,2,"[array([ 2,  3,  4,  5,  1,  6,  7,  1, 20,  0]) 9]"
265,265,265,265,265,YW5QQ.mp4,How many times did the Person looking_at the table?,0,"[array([2, 3, 4, 5, 1, 6, 7, 1, 9, 0]) 9]"
266,266,266,266,266,W3SC3.mp4,How many times did the Person looking_at the doorway?,3,"[array([ 2,  3,  4,  5,  1,  6,  7,  1, 18,  0]) 9]"
267,267,267,267,267,ZBBOO.mp4,How many times did the Person looking_at the book?,0,"[array([ 2,  3,  4,  5,  1,  6,  7,  1, 17,  0]) 9]"
268,268,268,268,268,YG9UR.mp4,How many times did the Person looking_at the sofa/couch?,1,"[array([ 2,  3,  4,  5,  1,  6,  7,  1, 14,  0]) 9]"
269,269,269,269,269,QFL2O.mp4,How many times did the Person looking_at the chair?,0,"[array([ 2,  3,  4,  5,  1,  6,  7,  1, 28,  0]) 9]"
270,270,270,270,270,W5ZY8.mp4,How many times did the Person looking_at the towel?,0,"[array([ 2,  3,  4,  5,  1,  6,  7,  1, 20,  0]) 9]"
271,271,271,271,271,XMI29.mp4,How many times did the Person looking_at the food?,4,"[array([ 2,  3,  4,  5,  1,  6,  7,  1, 11,  0]) 9]"
272,272,272,272,272,MOTWW.mp4,How many times did the Person looking_at the food?,4,"[array([ 2,  3,  4,  5,  1,  6,  7,  1, 11,  0]) 9]"
273,273,273,273,273,Z4Y04.mp4,How many times did the Person looking_at the food?,5,"[array([ 2,  3,  4,  5,  1,  6,  7,  1, 11,  0]) 9]"
274,274,274,274,274,YE6UZ.mp4,How many times did the Person looking_at the closet/cabinet?,3,"[array([2, 3, 4, 5, 1, 6, 7, 1, 8, 0]) 9]"
275,275,275,275,275,SZKDA.mp4,How many times did the Person looking_at the table?,0,"[array([2, 3, 4, 5, 1, 6, 7, 1, 9, 0]) 9]"
276,276,276,276,276,Q7TXX.mp4,How many times did the Person looking_at the cup/glass/bottle?,0,"[array([ 2,  3,  4,  5,  1,  6,  7,  1, 15,  0]) 9]"
277,277,277,277,277,ZX37G.mp4,How many times did the Person looking_at the table?,2,"[array([2, 3, 4, 5, 1, 6, 7, 1, 9, 0]) 9]"
278,278,278,278,278,W0QSB.mp4,How many times did the Person looking_at the food?,2,"[array([ 2,  3,  4,  5,  1,  6,  7,  1, 11,  0]) 9]"
279,279,279,279,279,W3NN2.mp4,How many times did the Person looking_at the table?,0,"[array([2, 3, 4, 5, 1, 6, 7, 1, 9, 0]) 9]"
280,280,280,280,280,PRHR7.mp4,How many times did the Person looking_at the food?,3,"[array([ 2,  3,  4,  5,  1,  6,  7,  1, 11,  0]) 9]"
281,281,281,281,281,VU996.mp4,How many times did the Person looking_at the blanket?,7,"[array([ 2,  3,  4,  5,  1,  6,  7,  1, 12,  0]) 9]"
282,282,282,282,282,ZFT06.mp4,How many times did the Person looking_at the refrigerator?,2,"[array([ 2,  3,  4,  5,  1,  6,  7,  1, 34,  0]) 9]"
283,283,283,283,283,O8T6G.mp4,How many times did the Person looking_at the food?,2,"[array([ 2,  3,  4,  5,  1,  6,  7,  1, 11,  0]) 9]"
284,284,284,284,284,X2JBJ.mp4,How many times did the Person looking_at the book?,3,"[array([ 2,  3,  4,  5,  1,  6,  7,  1, 17,  0]) 9]"
285,285,285,285,285,YAFX0.mp4,How many times did the Person looking_at the doorway?,1,"[array([ 2,  3,  4,  5,  1,  6,  7,  1, 18,  0]) 9]"
286,286,286,286,286,YPRUL.mp4,How many times did the Person looking_at the table?,0,"[array([2, 3, 4, 5, 1, 6, 7, 1, 9, 0]) 9]"
287,287,287,287,287,MYBRN.mp4,How many times did the Person looking_at the closet/cabinet?,4,"[array([2, 3, 4, 5, 1, 6, 7, 1, 8, 0]) 9]"
288,288,288,288,288,YOCRB.mp4,How many times did the Person looking_at the food?,9,"[array([ 2,  3,  4,  5,  1,  6,  7,  1, 11,  0]) 9]"
289,289,289,289,289,YSE1G.mp4,How many times did the Person looking_at the doorway?,0,"[array([ 2,  3,  4,  5,  1,  6,  7,  1, 18,  0]) 9]"
290,290,290,290,290,U7O1U.mp4,How many times did the Person looking_at the clothes?,2,"[array([ 2,  3,  4,  5,  1,  6,  7,  1, 22,  0]) 9]"
291,291,291,291,291,SV6KF.mp4,How many times did the Person looking_at the broom?,5,"[array([ 2,  3,  4,  5,  1,  6,  7,  1, 16,  0]) 9]"
292,292,292,292,292,NW0KT.mp4,How many times did the Person looking_at the closet/cabinet?,2,"[array([2, 3, 4, 5, 1, 6, 7, 1, 8, 0]) 9]"
293,293,293,293,293,U502L.mp4,How many times did the Person looking_at the towel?,1,"[array([ 2,  3,  4,  5,  1,  6,  7,  1, 20,  0]) 9]"
294,294,294,294,294,OVD84.mp4,How many times did the Person looking_at the blanket?,5,"[array([ 2,  3,  4,  5,  1,  6,  7,  1, 12,  0]) 9]"
295,295,295,295,295,QMKZV.mp4,How many times did the Person looking_at the closet/cabinet?,4,"[array([2, 3, 4, 5, 1, 6, 7, 1, 8, 0]) 9]"
296,296,296,296,296,Q38XP.mp4,How many times did the Person looking_at the table?,0,"[array([2, 3, 4, 5, 1, 6, 7, 1, 9, 0]) 9]"
297,297,297,297,297,W7CR5.mp4,How many times did the Person looking_at the towel?,1,"[array([ 2,  3,  4,  5,  1,  6,  7,  1, 20,  0]) 9]"
298,298,298,298,298,W1CG2.mp4,How many times did the Person looking_at the food?,0,"[array([ 2,  3,  4,  5,  1,  6,  7,  1, 11,  0]) 9]"
299,299,299,299,299,VNUPE.mp4,How many times did the Person looking_at the food?,6,"[array([ 2,  3,  4,  5,  1,  6,  7,  1, 11,  0]) 9]"
300,300,300,300,300,RS6EK.mp4,How many times did the Person looking_at the sofa/couch?,0,"[array([ 2,  3,  4,  5,  1,  6,  7,  1, 14,  0]) 9]"
301,301,301,301,301,V1BX9.mp4,How many times did the Person looking_at the food?,5,"[array([ 2,  3,  4,  5,  1,  6,  7,  1, 11,  0]) 9]"
302,302,302,302,302,SW8VM.mp4,How many times did the Person looking_at the blanket?,0,"[array([ 2,  3,  4,  5,  1,  6,  7,  1, 12,  0]) 9]"
303,303,303,303,303,TQYV1.mp4,How many times did the Person looking_at the blanket?,0,"[array([ 2,  3,  4,  5,  1,  6,  7,  1, 12,  0]) 9]"
304,304,304,304,304,UMTLM.mp4,How many times did the Person looking_at the door?,0,"[array([ 2,  3,  4,  5,  1,  6,  7,  1, 33,  0]) 9]"
305,305,305,305,305,QACLT.mp4,How many times did the Person looking_at the closet/cabinet?,6,"[array([2, 3, 4, 5, 1, 6, 7, 1, 8, 0]) 9]"
306,306,306,306,306,QXGK5.mp4,How many times did the Person looking_at the doorway?,0,"[array([ 2,  3,  4,  5,  1,  6,  7,  1, 18,  0]) 9]"
307,307,307,307,307,RIZ7Y.mp4,How many times did the Person looking_at the closet/cabinet?,2,"[array([2, 3, 4, 5, 1, 6, 7, 1, 8, 0]) 9]"
308,308,308,308,308,R5O7F.mp4,How many times did the Person looking_at the blanket?,5,"[array([ 2,  3,  4,  5,  1,  6,  7,  1, 12,  0]) 9]"
309,309,309,309,309,QUXYH.mp4,How many times did the Person looking_at the food?,4,"[array([ 2,  3,  4,  5,  1,  6,  7,  1, 11,  0]) 9]"
310,310,310,310,310,RVVDR.mp4,How many times did the Person looking_at the table?,2,"[array([2, 3, 4, 5, 1, 6, 7, 1, 9, 0]) 9]"
311,311,311,311,311,VVQYB.mp4,How many times did the Person looking_at the chair?,0,"[array([ 2,  3,  4,  5,  1,  6,  7,  1, 28,  0]) 9]"
312,312,312,312,312,VXEXI.mp4,How many times did the Person looking_at the table?,0,"[array([2, 3, 4, 5, 1, 6, 7, 1, 9, 0]) 9]"
313,313,313,313,313,Y2EID.mp4,How many times did the Person looking_at the doorway?,1,"[array([ 2,  3,  4,  5,  1,  6,  7,  1, 18,  0]) 9]"
314,314,314,314,314,YK49T.mp4,How many times did the Person looking_at the food?,0,"[array([ 2,  3,  4,  5,  1,  6,  7,  1, 11,  0]) 9]"
315,315,315,315,315,OKXIQ.mp4,How many times did the Person looking_at the food?,1,"[array([ 2,  3,  4,  5,  1,  6,  7,  1, 11,  0]) 9]"
316,316,316,316,316,OE2OX.mp4,How many times did the Person looking_at the blanket?,1,"[array([ 2,  3,  4,  5,  1,  6,  7,  1, 12,  0]) 9]"
317,317,317,317,317,V6RRM.mp4,How many times did the Person looking_at the table?,1,"[array([2, 3, 4, 5, 1, 6, 7, 1, 9, 0]) 9]"
318,318,318,318,318,V7YEJ.mp4,How many times did the Person looking_at the food?,7,"[array([ 2,  3,  4,  5,  1,  6,  7,  1, 11,  0]) 9]"
319,319,319,319,319,NJANX.mp4,How many times did the Person looking_at the table?,1,"[array([2, 3, 4, 5, 1, 6, 7, 1, 9, 0]) 9]"
320,320,320,320,320,NQMMJ.mp4,How many times did the Person looking_at the closet/cabinet?,4,"[array([2, 3, 4, 5, 1, 6, 7, 1, 8, 0]) 9]"
321,321,321,321,321,MX6X6.mp4,How many times did the Person looking_at the table?,0,"[array([2, 3, 4, 5, 1, 6, 7, 1, 9, 0]) 9]"
322,322,322,322,322,SJJLG.mp4,How many times did the Person looking_at the table?,0,"[array([2, 3, 4, 5, 1, 6, 7, 1, 9, 0]) 9]"
323,323,323,323,323,VZE8E.mp4,How many times did the Person looking_at the pillow?,1,"[array([ 2,  3,  4,  5,  1,  6,  7,  1, 13,  0]) 9]"
324,324,324,324,324,OK45U.mp4,How many times did the Person looking_at the clothes?,6,"[array([ 2,  3,  4,  5,  1,  6,  7,  1, 22,  0]) 9]"
325,325,325,325,325,U0P7W.mp4,How many times did the Person looking_at the closet/cabinet?,5,"[array([2, 3, 4, 5, 1, 6, 7, 1, 8, 0]) 9]"
326,326,326,326,326,OOKN5.mp4,How many times did the Person looking_at the clothes?,9,"[array([ 2,  3,  4,  5,  1,  6,  7,  1, 22,  0]) 9]"
327,327,327,327,327,WBJC3.mp4,How many times did the Person looking_at the food?,4,"[array([ 2,  3,  4,  5,  1,  6,  7,  1, 11,  0]) 9]"
328,328,328,328,328,SUE5L.mp4,How many times did the Person looking_at the blanket?,5,"[array([ 2,  3,  4,  5,  1,  6,  7,  1, 12,  0]) 9]"
329,329,329,329,329,WT46G.mp4,How many times did the Person looking_at the table?,0,"[array([2, 3, 4, 5, 1, 6, 7, 1, 9, 0]) 9]"
330,330,330,330,330,QCPXJ.mp4,How many times did the Person looking_at the chair?,0,"[array([ 2,  3,  4,  5,  1,  6,  7,  1, 28,  0]) 9]"
331,331,331,331,331,NAZ52.mp4,How many times did the Person looking_at the bed?,0,"[array([ 2,  3,  4,  5,  1,  6,  7,  1, 31,  0]) 9]"
332,332,332,332,332,YDWIW.mp4,How many times did the Person looking_at the food?,1,"[array([ 2,  3,  4,  5,  1,  6,  7,  1, 11,  0]) 9]"
333,333,333,333,333,MYQZJ.mp4,How many times did the Person looking_at the table?,0,"[array([2, 3, 4, 5, 1, 6, 7, 1, 9, 0]) 9]"
334,334,334,334,334,QVBTC.mp4,How many times did the Person looking_at the window?,1,"[array([ 2,  3,  4,  5,  1,  6,  7,  1, 32,  0]) 9]"
335,335,335,335,335,P8G8V.mp4,How many times did the Person looking_at the food?,3,"[array([ 2,  3,  4,  5,  1,  6,  7,  1, 11,  0]) 9]"
336,336,336,336,336,WF7P3.mp4,How many times did the Person looking_at the doorknob?,1,"[array([ 2,  3,  4,  5,  1,  6,  7,  1, 23,  0]) 9]"
337,337,337,337,337,ZDWM7.mp4,How many times did the Person looking_at the food?,3,"[array([ 2,  3,  4,  5,  1,  6,  7,  1, 11,  0]) 9]"
338,338,338,338,338,Y89SO.mp4,How many times did the Person looking_at the table?,2,"[array([2, 3, 4, 5, 1, 6, 7, 1, 9, 0]) 9]"
339,339,339,339,339,MPHFU.mp4,How many times did the Person looking_at the towel?,1,"[array([ 2,  3,  4,  5,  1,  6,  7,  1, 20,  0]) 9]"
340,340,340,340,340,XKU2U.mp4,How many times did the Person looking_at the table?,2,"[array([2, 3, 4, 5, 1, 6, 7, 1, 9, 0]) 9]"
341,341,341,341,341,N8913.mp4,How many times did the Person looking_at the blanket?,1,"[array([ 2,  3,  4,  5,  1,  6,  7,  1, 12,  0]) 9]"
342,342,342,342,342,RNLTR.mp4,How many times did the Person looking_at the sofa/couch?,0,"[array([ 2,  3,  4,  5,  1,  6,  7,  1, 14,  0]) 9]"
343,343,343,343,343,ZNQVC.mp4,How many times did the Person looking_at the closet/cabinet?,7,"[array([2, 3, 4, 5, 1, 6, 7, 1, 8, 0]) 9]"
344,344,344,344,344,XK92L.mp4,How many times did the Person looking_at the cup/glass/bottle?,1,"[array([ 2,  3,  4,  5,  1,  6,  7,  1, 15,  0]) 9]"
345,345,345,345,345,ST7MR.mp4,How many times did the Person looking_at the table?,1,"[array([2, 3, 4, 5, 1, 6, 7, 1, 9, 0]) 9]"
346,346,346,346,346,W7HR1.mp4,How many times did the Person looking_at the doorway?,0,"[array([ 2,  3,  4,  5,  1,  6,  7,  1, 18,  0]) 9]"
347,347,347,347,347,WDF45.mp4,How many times did the Person looking_at the table?,0,"[array([2, 3, 4, 5, 1, 6, 7, 1, 9, 0]) 9]"
348,348,348,348,348,RKJFZ.mp4,How many times did the Person looking_at the sofa/couch?,0,"[array([ 2,  3,  4,  5,  1,  6,  7,  1, 14,  0]) 9]"
349,349,349,349,349,MZ3I3.mp4,How many times did the Person looking_at the table?,2,"[array([2, 3, 4, 5, 1, 6, 7, 1, 9, 0]) 9]"
350,350,350,350,350,P0NLV.mp4,How many times did the Person looking_at the table?,0,"[array([2, 3, 4, 5, 1, 6, 7, 1, 9, 0]) 9]"
351,351,351,351,351,VG7S6.mp4,How many times did the Person looking_at the doorway?,0,"[array([ 2,  3,  4,  5,  1,  6,  7,  1, 18,  0]) 9]"
352,352,352,352,352,XGS3K.mp4,How many times did the Person looking_at the picture?,7,"[array([ 2,  3,  4,  5,  1,  6,  7,  1, 35,  0]) 9]"
353,353,353,353,353,YXC7P.mp4,How many times did the Person looking_at the food?,2,"[array([ 2,  3,  4,  5,  1,  6,  7,  1, 11,  0]) 9]"
354,354,354,354,354,UR5TU.mp4,How many times did the Person looking_at the door?,0,"[array([ 2,  3,  4,  5,  1,  6,  7,  1, 33,  0]) 9]"
355,355,355,355,355,XE19C.mp4,How many times did the Person looking_at the doorway?,0,"[array([ 2,  3,  4,  5,  1,  6,  7,  1, 18,  0]) 9]"
356,356,356,356,356,RRQEV.mp4,How many times did the Person looking_at the blanket?,1,"[array([ 2,  3,  4,  5,  1,  6,  7,  1, 12,  0]) 9]"
357,357,357,357,357,Z6B6S.mp4,How many times did the Person looking_at the food?,6,"[array([ 2,  3,  4,  5,  1,  6,  7,  1, 11,  0]) 9]"
358,358,358,358,358,S06H3.mp4,How many times did the Person looking_at the food?,2,"[array([ 2,  3,  4,  5,  1,  6,  7,  1, 11,  0]) 9]"
359,359,359,359,359,T63X2.mp4,How many times did the Person looking_at the food?,4,"[array([ 2,  3,  4,  5,  1,  6,  7,  1, 11,  0]) 9]"
360,360,360,360,360,TE4PT.mp4,How many times did the Person looking_at the broom?,3,"[array([ 2,  3,  4,  5,  1,  6,  7,  1, 16,  0]) 9]"
361,361,361,361,361,ZJ37U.mp4,How many times did the Person looking_at the food?,3,"[array([ 2,  3,  4,  5,  1,  6,  7,  1, 11,  0]) 9]"
362,362,362,362,362,UKSCV.mp4,How many times did the Person looking_at the clothes?,1,"[array([ 2,  3,  4,  5,  1,  6,  7,  1, 22,  0]) 9]"
363,363,363,363,363,ZVRBL.mp4,How many times did the Person looking_at the table?,0,"[array([2, 3, 4, 5, 1, 6, 7, 1, 9, 0]) 9]"
364,364,364,364,364,OPPVW.mp4,How many times did the Person looking_at the floor?,3,"[array([ 2,  3,  4,  5,  1,  6,  7,  1, 19,  0]) 9]"
365,365,365,365,365,U1DE4.mp4,How many times did the Person looking_at the closet/cabinet?,4,"[array([2, 3, 4, 5, 1, 6, 7, 1, 8, 0]) 9]"
366,366,366,366,366,P3CLM.mp4,How many times did the Person looking_at the pillow?,0,"[array([ 2,  3,  4,  5,  1,  6,  7,  1, 13,  0]) 9]"
367,367,367,367,367,OETY6.mp4,How many times did the Person looking_at the table?,0,"[array([2, 3, 4, 5, 1, 6, 7, 1, 9, 0]) 9]"
368,368,368,368,368,PC7H2.mp4,How many times did the Person looking_at the table?,3,"[array([2, 3, 4, 5, 1, 6, 7, 1, 9, 0]) 9]"
369,369,369,369,369,TCI7K.mp4,How many times did the Person looking_at the table?,1,"[array([2, 3, 4, 5, 1, 6, 7, 1, 9, 0]) 9]"
370,370,370,370,370,U4J2Q.mp4,How many times did the Person looking_at the food?,0,"[array([ 2,  3,  4,  5,  1,  6,  7,  1, 11,  0]) 9]"
371,371,371,371,371,VEH0A.mp4,How many times did the Person looking_at the closet/cabinet?,3,"[array([2, 3, 4, 5, 1, 6, 7, 1, 8, 0]) 9]"
372,372,372,372,372,UUPJS.mp4,How many times did the Person looking_at the food?,6,"[array([ 2,  3,  4,  5,  1,  6,  7,  1, 11,  0]) 9]"
373,373,373,373,373,TU9K1.mp4,How many times did the Person looking_at the closet/cabinet?,5,"[array([2, 3, 4, 5, 1, 6, 7, 1, 8, 0]) 9]"
374,374,374,374,374,PLXUA.mp4,How many times did the Person looking_at the cup/glass/bottle?,2,"[array([ 2,  3,  4,  5,  1,  6,  7,  1, 15,  0]) 9]"
375,375,375,375,375,OVFR0.mp4,How many times did the Person looking_at the doorway?,0,"[array([ 2,  3,  4,  5,  1,  6,  7,  1, 18,  0]) 9]"
376,376,376,376,376,PIJRH.mp4,How many times did the Person looking_at the pillow?,2,"[array([ 2,  3,  4,  5,  1,  6,  7,  1, 13,  0]) 9]"
377,377,377,377,377,RXQEJ.mp4,How many times did the Person looking_at the cup/glass/bottle?,3,"[array([ 2,  3,  4,  5,  1,  6,  7,  1, 15,  0]) 9]"
378,378,378,378,378,XOOPP.mp4,How many times did the Person looking_at the chair?,0,"[array([ 2,  3,  4,  5,  1,  6,  7,  1, 28,  0]) 9]"
379,379,379,379,379,ODD3K.mp4,How many times did the Person looking_at the food?,4,"[array([ 2,  3,  4,  5,  1,  6,  7,  1, 11,  0]) 9]"
380,380,380,380,380,MIAE4.mp4,How many times did the Person looking_at the doorway?,1,"[array([ 2,  3,  4,  5,  1,  6,  7,  1, 18,  0]) 9]"
381,381,381,381,381,QRSRE.mp4,How many times did the Person looking_at the door?,3,"[array([ 2,  3,  4,  5,  1,  6,  7,  1, 33,  0]) 9]"
382,382,382,382,382,O5V8D.mp4,How many times did the Person looking_at the phone/camera?,3,"[array([ 2,  3,  4,  5,  1,  6,  7,  1, 26,  0]) 9]"
383,383,383,383,383,VINM0.mp4,How many times did the Person looking_at the broom?,3,"[array([ 2,  3,  4,  5,  1,  6,  7,  1, 16,  0]) 9]"
384,384,384,384,384,UMO9T.mp4,How many times did the Person looking_at the food?,3,"[array([ 2,  3,  4,  5,  1,  6,  7,  1, 11,  0]) 9]"
385,385,385,385,385,NFA8R.mp4,How many times did the Person looking_at the clothes?,3,"[array([ 2,  3,  4,  5,  1,  6,  7,  1, 22,  0]) 9]"
386,386,386,386,386,XU2N8.mp4,How many times did the Person looking_at the table?,0,"[array([2, 3, 4, 5, 1, 6, 7, 1, 9, 0]) 9]"
387,387,387,387,387,YJ1KW.mp4,How many times did the Person looking_at the table?,0,"[array([2, 3, 4, 5, 1, 6, 7, 1, 9, 0]) 9]"
388,388,388,388,388,OB9D0.mp4,How many times did the Person looking_at the shoe?,4,"[array([ 2,  3,  4,  5,  1,  6,  7,  1, 30,  0]) 9]"
389,389,389,389,389,YVKIV.mp4,How many times did the Person looking_at the groceries?,4,"[array([ 2,  3,  4,  5,  1,  6,  7,  1, 27,  0]) 9]"
390,390,390,390,390,SJ4IG.mp4,How many times did the Person looking_at the laptop?,2,"[array([ 2,  3,  4,  5,  1,  6,  7,  1, 10,  0]) 9]"
391,391,391,391,391,ZR19K.mp4,How many times did the Person looking_at the blanket?,7,"[array([ 2,  3,  4,  5,  1,  6,  7,  1, 12,  0]) 9]"
392,392,392,392,392,ZAN58.mp4,How many times did the Person looking_at the groceries?,2,"[array([ 2,  3,  4,  5,  1,  6,  7,  1, 27,  0]) 9]"
393,393,393,393,393,QN7Y2.mp4,How many times did the Person looking_at the blanket?,0,"[array([ 2,  3,  4,  5,  1,  6,  7,  1, 12,  0]) 9]"
394,394,394,394,394,RBQ9Y.mp4,How many times did the Person looking_at the clothes?,4,"[array([ 2,  3,  4,  5,  1,  6,  7,  1, 22,  0]) 9]"
395,395,395,395,395,WC5QK.mp4,How many times did the Person looking_at the blanket?,4,"[array([ 2,  3,  4,  5,  1,  6,  7,  1, 12,  0]) 9]"
396,396,396,396,396,TK1VC.mp4,How many times did the Person looking_at the sofa/couch?,0,"[array([ 2,  3,  4,  5,  1,  6,  7,  1, 14,  0]) 9]"
397,397,397,397,397,O1LMX.mp4,How many times did the Person looking_at the paper/notebook?,1,"[array([ 2,  3,  4,  5,  1,  6,  7,  1, 24,  0]) 9]"
398,398,398,398,398,VNQTH.mp4,How many times did the Person looking_at the blanket?,5,"[array([ 2,  3,  4,  5,  1,  6,  7,  1, 12,  0]) 9]"
399,399,399,399,399,PDH7G.mp4,How many times did the Person looking_at the table?,0,"[array([2, 3, 4, 5, 1, 6, 7, 1, 9, 0]) 9]"
400,400,400,400,400,W9BWJ.mp4,How many times did the Person looking_at the chair?,0,"[array([ 2,  3,  4,  5,  1,  6,  7,  1, 28,  0]) 9]"
401,401,401,401,401,YZ8HK.mp4,How many times did the Person looking_at the bed?,0,"[array([ 2,  3,  4,  5,  1,  6,  7,  1, 31,  0]) 9]"
402,402,402,402,402,TQO6O.mp4,How many times did the Person looking_at the food?,1,"[array([ 2,  3,  4,  5,  1,  6,  7,  1, 11,  0]) 9]"
403,403,403,403,403,ZDV60.mp4,How many times did the Person looking_at the closet/cabinet?,3,"[array([2, 3, 4, 5, 1, 6, 7, 1, 8, 0]) 9]"
404,404,404,404,404,N2WXN.mp4,How many times did the Person looking_at the blanket?,4,"[array([ 2,  3,  4,  5,  1,  6,  7,  1, 12,  0]) 9]"
405,405,405,405,405,NG1Q8.mp4,How many times did the Person looking_at the blanket?,0,"[array([ 2,  3,  4,  5,  1,  6,  7,  1, 12,  0]) 9]"
406,406,406,406,406,XYJYK.mp4,How many times did the Person looking_at the food?,10,"[array([ 2,  3,  4,  5,  1,  6,  7,  1, 11,  0]) 9]"
407,407,407,407,407,Y7CGN.mp4,How many times did the Person looking_at the broom?,4,"[array([ 2,  3,  4,  5,  1,  6,  7,  1, 16,  0]) 9]"
408,408,408,408,408,QSVXJ.mp4,How many times did the Person looking_at the towel?,5,"[array([ 2,  3,  4,  5,  1,  6,  7,  1, 20,  0]) 9]"
409,409,409,409,409,QKTUU.mp4,How many times did the Person looking_at the cup/glass/bottle?,1,"[array([ 2,  3,  4,  5,  1,  6,  7,  1, 15,  0]) 9]"
410,410,410,410,410,NRGQB.mp4,How many times did the Person looking_at the pillow?,1,"[array([ 2,  3,  4,  5,  1,  6,  7,  1, 13,  0]) 9]"
411,411,411,411,411,TYWHY.mp4,How many times did the Person looking_at the table?,3,"[array([2, 3, 4, 5, 1, 6, 7, 1, 9, 0]) 9]"
412,412,412,412,412,U9KYC.mp4,How many times did the Person looking_at the broom?,3,"[array([ 2,  3,  4,  5,  1,  6,  7,  1, 16,  0]) 9]"
413,413,413,413,413,OEIR9.mp4,How many times did the Person looking_at the food?,7,"[array([ 2,  3,  4,  5,  1,  6,  7,  1, 11,  0]) 9]"
414,414,414,414,414,OK6BF.mp4,How many times did the Person looking_at the broom?,4,"[array([ 2,  3,  4,  5,  1,  6,  7,  1, 16,  0]) 9]"
415,415,415,415,415,P12LH.mp4,How many times did the Person looking_at the sofa/couch?,0,"[array([ 2,  3,  4,  5,  1,  6,  7,  1, 14,  0]) 9]"
416,416,416,416,416,MZZ8Q.mp4,How many times did the Person looking_at the shelf?,1,"[array([ 2,  3,  4,  5,  1,  6,  7,  1, 36,  0]) 9]"
417,417,417,417,417,TH3M0.mp4,How many times did the Person looking_at the broom?,11,"[array([ 2,  3,  4,  5,  1,  6,  7,  1, 16,  0]) 9]"
418,418,418,418,418,NYHD7.mp4,How many times did the Person looking_at the doorway?,0,"[array([ 2,  3,  4,  5,  1,  6,  7,  1, 18,  0]) 9]"
419,419,419,419,419,T06AT.mp4,How many times did the Person looking_at the blanket?,2,"[array([ 2,  3,  4,  5,  1,  6,  7,  1, 12,  0]) 9]"
420,420,420,420,420,XVI3M.mp4,How many times did the Person looking_at the sofa/couch?,0,"[array([ 2,  3,  4,  5,  1,  6,  7,  1, 14,  0]) 9]"
421,421,421,421,421,MSACP.mp4,How many times did the Person looking_at the table?,0,"[array([2, 3, 4, 5, 1, 6, 7, 1, 9, 0]) 9]"
422,422,422,422,422,W5P6B.mp4,How many times did the Person looking_at the chair?,0,"[array([ 2,  3,  4,  5,  1,  6,  7,  1, 28,  0]) 9]"
423,423,423,423,423,V8IGX.mp4,How many times did the Person looking_at the groceries?,1,"[array([ 2,  3,  4,  5,  1,  6,  7,  1, 27,  0]) 9]"
424,424,424,424,424,W65FZ.mp4,How many times did the Person looking_at the sofa/couch?,0,"[array([ 2,  3,  4,  5,  1,  6,  7,  1, 14,  0]) 9]"
425,425,425,425,425,TCJCJ.mp4,How many times did the Person looking_at the mirror?,1,"[array([ 2,  3,  4,  5,  1,  6,  7,  1, 29,  0]) 9]"
426,426,426,426,426,XACI3.mp4,How many times did the Person looking_at the door?,1,"[array([ 2,  3,  4,  5,  1,  6,  7,  1, 33,  0]) 9]"
427,427,427,427,427,N0G70.mp4,How many times did the Person looking_at the food?,5,"[array([ 2,  3,  4,  5,  1,  6,  7,  1, 11,  0]) 9]"
428,428,428,428,428,UR55B.mp4,How many times did the Person looking_at the table?,0,"[array([2, 3, 4, 5, 1, 6, 7, 1, 9, 0]) 9]"
429,429,429,429,429,SPF63.mp4,How many times did the Person looking_at the bed?,1,"[array([ 2,  3,  4,  5,  1,  6,  7,  1, 31,  0]) 9]"
430,430,430,430,430,UJVCW.mp4,How many times did the Person looking_at the phone/camera?,2,"[array([ 2,  3,  4,  5,  1,  6,  7,  1, 26,  0]) 9]"
431,431,431,431,431,NDDHA.mp4,How many times did the Person looking_at the clothes?,4,"[array([ 2,  3,  4,  5,  1,  6,  7,  1, 22,  0]) 9]"
432,432,432,432,432,OKHVL.mp4,How many times did the Person looking_at the food?,13,"[array([ 2,  3,  4,  5,  1,  6,  7,  1, 11,  0]) 9]"
433,433,433,433,433,RLQ9K.mp4,How many times did the Person looking_at the food?,6,"[array([ 2,  3,  4,  5,  1,  6,  7,  1, 11,  0]) 9]"
434,434,434,434,434,WUTHF.mp4,How many times did the Person looking_at the food?,0,"[array([ 2,  3,  4,  5,  1,  6,  7,  1, 11,  0]) 9]"
435,435,435,435,435,PH5VU.mp4,How many times did the Person looking_at the closet/cabinet?,3,"[array([2, 3, 4, 5, 1, 6, 7, 1, 8, 0]) 9]"
436,436,436,436,436,MSVWC.mp4,How many times did the Person looking_at the food?,9,"[array([ 2,  3,  4,  5,  1,  6,  7,  1, 11,  0]) 9]"
437,437,437,437,437,X07QW.mp4,How many times did the Person looking_at the table?,2,"[array([2, 3, 4, 5, 1, 6, 7, 1, 9, 0]) 9]"
438,438,438,438,438,RKOOJ.mp4,How many times did the Person looking_at the sofa/couch?,1,"[array([ 2,  3,  4,  5,  1,  6,  7,  1, 14,  0]) 9]"
439,439,439,439,439,WK9HE.mp4,How many times did the Person looking_at the table?,1,"[array([2, 3, 4, 5, 1, 6, 7, 1, 9, 0]) 9]"
440,440,440,440,440,YMD74.mp4,How many times did the Person looking_at the blanket?,0,"[array([ 2,  3,  4,  5,  1,  6,  7,  1, 12,  0]) 9]"
441,441,441,441,441,OP2SS.mp4,How many times did the Person looking_at the food?,3,"[array([ 2,  3,  4,  5,  1,  6,  7,  1, 11,  0]) 9]"
442,442,442,442,442,OTL44.mp4,How many times did the Person looking_at the cup/glass/bottle?,0,"[array([ 2,  3,  4,  5,  1,  6,  7,  1, 15,  0]) 9]"
443,443,443,443,443,S572F.mp4,How many times did the Person looking_at the blanket?,2,"[array([ 2,  3,  4,  5,  1,  6,  7,  1, 12,  0]) 9]"
444,444,444,444,444,SAO1A.mp4,How many times did the Person looking_at the table?,1,"[array([2, 3, 4, 5, 1, 6, 7, 1, 9, 0]) 9]"
445,445,445,445,445,X2IUY.mp4,How many times did the Person looking_at the groceries?,1,"[array([ 2,  3,  4,  5,  1,  6,  7,  1, 27,  0]) 9]"
446,446,446,446,446,ZHRPD.mp4,How many times did the Person looking_at the blanket?,5,"[array([ 2,  3,  4,  5,  1,  6,  7,  1, 12,  0]) 9]"
447,447,447,447,447,MWX5K.mp4,How many times did the Person looking_at the floor?,2,"[array([ 2,  3,  4,  5,  1,  6,  7,  1, 19,  0]) 9]"
448,448,448,448,448,X87CU.mp4,How many times did the Person looking_at the food?,0,"[array([ 2,  3,  4,  5,  1,  6,  7,  1, 11,  0]) 9]"
449,449,449,449,449,T2S3Z.mp4,How many times did the Person looking_at the doorway?,0,"[array([ 2,  3,  4,  5,  1,  6,  7,  1, 18,  0]) 9]"
450,450,450,450,450,QQGU3.mp4,How many times did the Person looking_at the food?,9,"[array([ 2,  3,  4,  5,  1,  6,  7,  1, 11,  0]) 9]"
451,451,451,451,451,YNF6O.mp4,How many times did the Person looking_at the clothes?,1,"[array([ 2,  3,  4,  5,  1,  6,  7,  1, 22,  0]) 9]"
452,452,452,452,452,P5YNX.mp4,How many times did the Person looking_at the table?,1,"[array([2, 3, 4, 5, 1, 6, 7, 1, 9, 0]) 9]"
453,453,453,453,453,MXATD.mp4,How many times did the Person looking_at the food?,0,"[array([ 2,  3,  4,  5,  1,  6,  7,  1, 11,  0]) 9]"
454,454,454,454,454,W97NR.mp4,How many times did the Person looking_at the table?,0,"[array([2, 3, 4, 5, 1, 6, 7, 1, 9, 0]) 9]"
455,455,455,455,455,WKPQ3.mp4,How many times did the Person looking_at the closet/cabinet?,8,"[array([2, 3, 4, 5, 1, 6, 7, 1, 8, 0]) 9]"
456,456,456,456,456,WKSFS.mp4,How many times did the Person looking_at the blanket?,0,"[array([ 2,  3,  4,  5,  1,  6,  7,  1, 12,  0]) 9]"
457,457,457,457,457,Z7KC1.mp4,How many times did the Person looking_at the table?,2,"[array([2, 3, 4, 5, 1, 6, 7, 1, 9, 0]) 9]"
458,458,458,458,458,OSK3Y.mp4,How many times did the Person looking_at the food?,3,"[array([ 2,  3,  4,  5,  1,  6,  7,  1, 11,  0]) 9]"
459,459,459,459,459,UL5X4.mp4,How many times did the Person looking_at the food?,7,"[array([ 2,  3,  4,  5,  1,  6,  7,  1, 11,  0]) 9]"
460,460,460,460,460,ZC59Y.mp4,How many times did the Person looking_at the dish?,1,"[array([ 2,  3,  4,  5,  1,  6,  7,  1, 37,  0]) 9]"
461,461,461,461,461,QQMY8.mp4,How many times did the Person looking_at the clothes?,0,"[array([ 2,  3,  4,  5,  1,  6,  7,  1, 22,  0]) 9]"
462,462,462,462,462,ZZ3HT.mp4,How many times did the Person looking_at the closet/cabinet?,0,"[array([2, 3, 4, 5, 1, 6, 7, 1, 8, 0]) 9]"
463,463,463,463,463,YOCI8.mp4,How many times did the Person looking_at the table?,0,"[array([2, 3, 4, 5, 1, 6, 7, 1, 9, 0]) 9]"
464,464,464,464,464,WSKTN.mp4,How many times did the Person looking_at the groceries?,2,"[array([ 2,  3,  4,  5,  1,  6,  7,  1, 27,  0]) 9]"
465,465,465,465,465,XK0QV.mp4,How many times did the Person looking_at the doorway?,0,"[array([ 2,  3,  4,  5,  1,  6,  7,  1, 18,  0]) 9]"
466,466,466,466,466,Q6290.mp4,How many times did the Person looking_at the food?,0,"[array([ 2,  3,  4,  5,  1,  6,  7,  1, 11,  0]) 9]"
467,467,467,467,467,SKYIS.mp4,How many times did the Person looking_at the towel?,1,"[array([ 2,  3,  4,  5,  1,  6,  7,  1, 20,  0]) 9]"
468,468,468,468,468,USNON.mp4,How many times did the Person looking_at the door?,2,"[array([ 2,  3,  4,  5,  1,  6,  7,  1, 33,  0]) 9]"
469,469,469,469,469,USPJK.mp4,How many times did the Person looking_at the clothes?,2,"[array([ 2,  3,  4,  5,  1,  6,  7,  1, 22,  0]) 9]"
470,470,470,470,470,NUKJ0.mp4,How many times did the Person looking_at the cup/glass/bottle?,3,"[array([ 2,  3,  4,  5,  1,  6,  7,  1, 15,  0]) 9]"
471,471,471,471,471,W0YVE.mp4,How many times did the Person looking_at the table?,2,"[array([2, 3, 4, 5, 1, 6, 7, 1, 9, 0]) 9]"
472,472,472,472,472,N0ZPI.mp4,How many times did the Person looking_at the towel?,6,"[array([ 2,  3,  4,  5,  1,  6,  7,  1, 20,  0]) 9]"
473,473,473,473,473,Y50QF.mp4,How many times did the Person looking_at the food?,3,"[array([ 2,  3,  4,  5,  1,  6,  7,  1, 11,  0]) 9]"
474,474,474,474,474,RFH6M.mp4,How many times did the Person looking_at the food?,11,"[array([ 2,  3,  4,  5,  1,  6,  7,  1, 11,  0]) 9]"
475,475,475,475,475,UG4M2.mp4,How many times did the Person looking_at the table?,1,"[array([2, 3, 4, 5, 1, 6, 7, 1, 9, 0]) 9]"
476,476,476,476,476,MNNJS.mp4,How many times did the Person looking_at the table?,2,"[array([2, 3, 4, 5, 1, 6, 7, 1, 9, 0]) 9]"
477,477,477,477,477,NX8X9.mp4,How many times did the Person looking_at the table?,0,"[array([2, 3, 4, 5, 1, 6, 7, 1, 9, 0]) 9]"
478,478,478,478,478,XUUP0.mp4,How many times did the Person looking_at the picture?,1,"[array([ 2,  3,  4,  5,  1,  6,  7,  1, 35,  0]) 9]"
479,479,479,479,479,S407A.mp4,How many times did the Person looking_at the table?,2,"[array([2, 3, 4, 5, 1, 6, 7, 1, 9, 0]) 9]"
480,480,480,480,480,XT9D4.mp4,How many times did the Person looking_at the food?,10,"[array([ 2,  3,  4,  5,  1,  6,  7,  1, 11,  0]) 9]"
481,481,481,481,481,RG0JH.mp4,How many times did the Person looking_at the shoe?,0,"[array([ 2,  3,  4,  5,  1,  6,  7,  1, 30,  0]) 9]"
482,482,482,482,482,WXBEO.mp4,How many times did the Person looking_at the food?,5,"[array([ 2,  3,  4,  5,  1,  6,  7,  1, 11,  0]) 9]"
483,483,483,483,483,MXRF4.mp4,How many times did the Person looking_at the table?,0,"[array([2, 3, 4, 5, 1, 6, 7, 1, 9, 0]) 9]"
484,484,484,484,484,T9Y1N.mp4,How many times did the Person looking_at the closet/cabinet?,2,"[array([2, 3, 4, 5, 1, 6, 7, 1, 8, 0]) 9]"
485,485,485,485,485,NS0ZN.mp4,How many times did the Person looking_at the food?,2,"[array([ 2,  3,  4,  5,  1,  6,  7,  1, 11,  0]) 9]"
486,486,486,486,486,ZIP18.mp4,How many times did the Person looking_at the food?,1,"[array([ 2,  3,  4,  5,  1,  6,  7,  1, 11,  0]) 9]"
487,487,487,487,487,SBM3M.mp4,How many times did the Person looking_at the sofa/couch?,0,"[array([ 2,  3,  4,  5,  1,  6,  7,  1, 14,  0]) 9]"
488,488,488,488,488,UVLL9.mp4,How many times did the Person looking_at the bed?,0,"[array([ 2,  3,  4,  5,  1,  6,  7,  1, 31,  0]) 9]"
489,489,489,489,489,S5U92.mp4,How many times did the Person looking_at the towel?,1,"[array([ 2,  3,  4,  5,  1,  6,  7,  1, 20,  0]) 9]"
490,490,490,490,490,Z2KJ5.mp4,How many times did the Person looking_at the food?,5,"[array([ 2,  3,  4,  5,  1,  6,  7,  1, 11,  0]) 9]"
491,491,491,491,491,OZ02A.mp4,How many times did the Person looking_at the table?,2,"[array([2, 3, 4, 5, 1, 6, 7, 1, 9, 0]) 9]"
492,492,492,492,492,U5QJR.mp4,How many times did the Person looking_at the table?,1,"[array([2, 3, 4, 5, 1, 6, 7, 1, 9, 0]) 9]"
493,493,493,493,493,YB67Z.mp4,How many times did the Person looking_at the table?,0,"[array([2, 3, 4, 5, 1, 6, 7, 1, 9, 0]) 9]"
494,494,494,494,494,RMKOC.mp4,How many times did the Person looking_at the doorway?,0,"[array([ 2,  3,  4,  5,  1,  6,  7,  1, 18,  0]) 9]"
495,495,495,495,495,VP4OG.mp4,How many times did the Person looking_at the sofa/couch?,0,"[array([ 2,  3,  4,  5,  1,  6,  7,  1, 14,  0]) 9]"
496,496,496,496,496,WKME6.mp4,How many times did the Person looking_at the bed?,0,"[array([ 2,  3,  4,  5,  1,  6,  7,  1, 31,  0]) 9]"
497,497,497,497,497,VJG6E.mp4,How many times did the Person looking_at the table?,0,"[array([2, 3, 4, 5, 1, 6, 7, 1, 9, 0]) 9]"
498,498,498,498,498,SN1VT.mp4,How many times did the Person looking_at the towel?,1,"[array([ 2,  3,  4,  5,  1,  6,  7,  1, 20,  0]) 9]"
499,499,499,499,499,ZKSR1.mp4,How many times did the Person looking_at the picture?,5,"[array([ 2,  3,  4,  5,  1,  6,  7,  1, 35,  0]) 9]"
500,500,500,500,500,N93NK.mp4,How many times did the Person looking_at the book?,3,"[array([ 2,  3,  4,  5,  1,  6,  7,  1, 17,  0]) 9]"
501,501,501,501,501,OE2M1.mp4,How many times did the Person looking_at the groceries?,3,"[array([ 2,  3,  4,  5,  1,  6,  7,  1, 27,  0]) 9]"
502,502,502,502,502,VD58Y.mp4,How many times did the Person looking_at the bed?,1,"[array([ 2,  3,  4,  5,  1,  6,  7,  1, 31,  0]) 9]"
503,503,503,503,503,UNWMJ.mp4,How many times did the Person looking_at the clothes?,1,"[array([ 2,  3,  4,  5,  1,  6,  7,  1, 22,  0]) 9]"
504,504,504,504,504,XF2ZM.mp4,How many times did the Person looking_at the paper/notebook?,6,"[array([ 2,  3,  4,  5,  1,  6,  7,  1, 24,  0]) 9]"
505,505,505,505,505,T9N9R.mp4,How many times did the Person looking_at the mirror?,7,"[array([ 2,  3,  4,  5,  1,  6,  7,  1, 29,  0]) 9]"
506,506,506,506,506,ZJRCS.mp4,How many times did the Person looking_at the window?,3,"[array([ 2,  3,  4,  5,  1,  6,  7,  1, 32,  0]) 9]"
507,507,507,507,507,VSLJG.mp4,How many times did the Person looking_at the sofa/couch?,0,"[array([ 2,  3,  4,  5,  1,  6,  7,  1, 14,  0]) 9]"
508,508,508,508,508,Z3H4P.mp4,How many times did the Person looking_at the food?,14,"[array([ 2,  3,  4,  5,  1,  6,  7,  1, 11,  0]) 9]"
509,509,509,509,509,OWRDE.mp4,How many times did the Person looking_at the food?,4,"[array([ 2,  3,  4,  5,  1,  6,  7,  1, 11,  0]) 9]"
510,510,510,510,510,TRVEA.mp4,How many times did the Person looking_at the pillow?,1,"[array([ 2,  3,  4,  5,  1,  6,  7,  1, 13,  0]) 9]"
511,511,511,511,511,SANRG.mp4,How many times did the Person looking_at the food?,1,"[array([ 2,  3,  4,  5,  1,  6,  7,  1, 11,  0]) 9]"
512,512,512,512,512,RJD1Z.mp4,How many times did the Person looking_at the clothes?,5,"[array([ 2,  3,  4,  5,  1,  6,  7,  1, 22,  0]) 9]"
513,513,513,513,513,PGPSJ.mp4,How many times did the Person looking_at the picture?,4,"[array([ 2,  3,  4,  5,  1,  6,  7,  1, 35,  0]) 9]"
514,514,514,514,514,QLEN3.mp4,How many times did the Person looking_at the closet/cabinet?,2,"[array([2, 3, 4, 5, 1, 6, 7, 1, 8, 0]) 9]"
515,515,515,515,515,MUQBW.mp4,How many times did the Person looking_at the table?,0,"[array([2, 3, 4, 5, 1, 6, 7, 1, 9, 0]) 9]"
516,516,516,516,516,N3U9S.mp4,How many times did the Person looking_at the groceries?,6,"[array([ 2,  3,  4,  5,  1,  6,  7,  1, 27,  0]) 9]"
517,517,517,517,517,W0J8C.mp4,How many times did the Person looking_at the food?,3,"[array([ 2,  3,  4,  5,  1,  6,  7,  1, 11,  0]) 9]"
518,518,518,518,518,PNRFK.mp4,How many times did the Person looking_at the clothes?,1,"[array([ 2,  3,  4,  5,  1,  6,  7,  1, 22,  0]) 9]"
519,519,519,519,519,Y4GHN.mp4,How many times did the Person looking_at the food?,8,"[array([ 2,  3,  4,  5,  1,  6,  7,  1, 11,  0]) 9]"
520,520,520,520,520,WD12X.mp4,How many times did the Person looking_at the broom?,5,"[array([ 2,  3,  4,  5,  1,  6,  7,  1, 16,  0]) 9]"
521,521,521,521,521,W8P6Q.mp4,How many times did the Person looking_at the chair?,2,"[array([ 2,  3,  4,  5,  1,  6,  7,  1, 28,  0]) 9]"
522,522,522,522,522,RJZ3I.mp4,How many times did the Person looking_at the broom?,3,"[array([ 2,  3,  4,  5,  1,  6,  7,  1, 16,  0]) 9]"
523,523,523,523,523,RO8Y6.mp4,How many times did the Person looking_at the doorway?,1,"[array([ 2,  3,  4,  5,  1,  6,  7,  1, 18,  0]) 9]"
524,524,524,524,524,VXXOU.mp4,How many times did the Person looking_at the table?,0,"[array([2, 3, 4, 5, 1, 6, 7, 1, 9, 0]) 9]"
525,525,525,525,525,XVLE2.mp4,How many times did the Person looking_at the phone/camera?,2,"[array([ 2,  3,  4,  5,  1,  6,  7,  1, 26,  0]) 9]"
526,526,526,526,526,YGL6R.mp4,How many times did the Person looking_at the table?,2,"[array([2, 3, 4, 5, 1, 6, 7, 1, 9, 0]) 9]"
527,527,527,527,527,SM41Q.mp4,How many times did the Person looking_at the table?,0,"[array([2, 3, 4, 5, 1, 6, 7, 1, 9, 0]) 9]"
528,528,528,528,528,ZPRJH.mp4,How many times did the Person looking_at the doorway?,1,"[array([ 2,  3,  4,  5,  1,  6,  7,  1, 18,  0]) 9]"
529,529,529,529,529,PUY34.mp4,How many times did the Person looking_at the doorknob?,3,"[array([ 2,  3,  4,  5,  1,  6,  7,  1, 23,  0]) 9]"
530,530,530,530,530,Q3Z4V.mp4,How many times did the Person looking_at the doorway?,0,"[array([ 2,  3,  4,  5,  1,  6,  7,  1, 18,  0]) 9]"
531,531,531,531,531,REWLB.mp4,How many times did the Person looking_at the food?,5,"[array([ 2,  3,  4,  5,  1,  6,  7,  1, 11,  0]) 9]"
532,532,532,532,532,ZYJJF.mp4,How many times did the Person looking_at the table?,1,"[array([2, 3, 4, 5, 1, 6, 7, 1, 9, 0]) 9]"
533,533,533,533,533,RX7TC.mp4,How many times did the Person looking_at the table?,0,"[array([2, 3, 4, 5, 1, 6, 7, 1, 9, 0]) 9]"
534,534,534,534,534,X37P1.mp4,How many times did the Person looking_at the food?,5,"[array([ 2,  3,  4,  5,  1,  6,  7,  1, 11,  0]) 9]"
535,535,535,535,535,O87OF.mp4,How many times did the Person looking_at the table?,3,"[array([2, 3, 4, 5, 1, 6, 7, 1, 9, 0]) 9]"
536,536,536,536,536,XOOTA.mp4,How many times did the Person looking_at the blanket?,1,"[array([ 2,  3,  4,  5,  1,  6,  7,  1, 12,  0]) 9]"
537,537,537,537,537,XX3RB.mp4,How many times did the Person looking_at the food?,7,"[array([ 2,  3,  4,  5,  1,  6,  7,  1, 11,  0]) 9]"
538,538,538,538,538,QCVZN.mp4,How many times did the Person looking_at the table?,1,"[array([2, 3, 4, 5, 1, 6, 7, 1, 9, 0]) 9]"
539,539,539,539,539,R4SJJ.mp4,How many times did the Person looking_at the blanket?,13,"[array([ 2,  3,  4,  5,  1,  6,  7,  1, 12,  0]) 9]"
540,540,540,540,540,Y2MGC.mp4,How many times did the Person looking_at the bed?,0,"[array([ 2,  3,  4,  5,  1,  6,  7,  1, 31,  0]) 9]"
541,541,541,541,541,SM4AO.mp4,How many times did the Person looking_at the table?,0,"[array([2, 3, 4, 5, 1, 6, 7, 1, 9, 0]) 9]"
542,542,542,542,542,T3R3K.mp4,How many times did the Person looking_at the food?,7,"[array([ 2,  3,  4,  5,  1,  6,  7,  1, 11,  0]) 9]"
543,543,543,543,543,P0CET.mp4,How many times did the Person looking_at the closet/cabinet?,5,"[array([2, 3, 4, 5, 1, 6, 7, 1, 8, 0]) 9]"
544,544,544,544,544,RDVGK.mp4,How many times did the Person looking_at the broom?,1,"[array([ 2,  3,  4,  5,  1,  6,  7,  1, 16,  0]) 9]"
545,545,545,545,545,Y79PC.mp4,How many times did the Person looking_at the clothes?,1,"[array([ 2,  3,  4,  5,  1,  6,  7,  1, 22,  0]) 9]"
546,546,546,546,546,PF7HH.mp4,How many times did the Person looking_at the shelf?,2,"[array([ 2,  3,  4,  5,  1,  6,  7,  1, 36,  0]) 9]"
547,547,547,547,547,OQ54Y.mp4,How many times did the Person looking_at the food?,1,"[array([ 2,  3,  4,  5,  1,  6,  7,  1, 11,  0]) 9]"
548,548,548,548,548,XJE7I.mp4,How many times did the Person looking_at the doorway?,0,"[array([ 2,  3,  4,  5,  1,  6,  7,  1, 18,  0]) 9]"
549,549,549,549,549,YNY82.mp4,How many times did the Person looking_at the broom?,8,"[array([ 2,  3,  4,  5,  1,  6,  7,  1, 16,  0]) 9]"
550,550,550,550,550,Q948H.mp4,How many times did the Person looking_at the sofa/couch?,0,"[array([ 2,  3,  4,  5,  1,  6,  7,  1, 14,  0]) 9]"
551,551,551,551,551,WWL0K.mp4,How many times did the Person looking_at the blanket?,2,"[array([ 2,  3,  4,  5,  1,  6,  7,  1, 12,  0]) 9]"
552,552,552,552,552,YMJ6E.mp4,How many times did the Person looking_at the doorway?,1,"[array([ 2,  3,  4,  5,  1,  6,  7,  1, 18,  0]) 9]"
553,553,553,553,553,MVX03.mp4,How many times did the Person looking_at the doorknob?,1,"[array([ 2,  3,  4,  5,  1,  6,  7,  1, 23,  0]) 9]"
554,554,554,554,554,N2DZN.mp4,How many times did the Person looking_at the clothes?,3,"[array([ 2,  3,  4,  5,  1,  6,  7,  1, 22,  0]) 9]"
555,555,555,555,555,N42Q1.mp4,How many times did the Person looking_at the medicine?,7,"[array([ 2,  3,  4,  5,  1,  6,  7,  1, 38,  0]) 9]"
556,556,556,556,556,QH3WP.mp4,How many times did the Person looking_at the bed?,0,"[array([ 2,  3,  4,  5,  1,  6,  7,  1, 31,  0]) 9]"
557,557,557,557,557,SM8Y0.mp4,How many times did the Person looking_at the table?,2,"[array([2, 3, 4, 5, 1, 6, 7, 1, 9, 0]) 9]"
558,558,558,558,558,S444Y.mp4,How many times did the Person looking_at the food?,2,"[array([ 2,  3,  4,  5,  1,  6,  7,  1, 11,  0]) 9]"
559,559,559,559,559,VXOE4.mp4,How many times did the Person looking_at the chair?,0,"[array([ 2,  3,  4,  5,  1,  6,  7,  1, 28,  0]) 9]"
560,560,560,560,560,PJUM0.mp4,How many times did the Person looking_at the table?,0,"[array([2, 3, 4, 5, 1, 6, 7, 1, 9, 0]) 9]"
561,561,561,561,561,OEM65.mp4,How many times did the Person looking_at the blanket?,1,"[array([ 2,  3,  4,  5,  1,  6,  7,  1, 12,  0]) 9]"
562,562,562,562,562,TKAUR.mp4,How many times did the Person looking_at the table?,0,"[array([2, 3, 4, 5, 1, 6, 7, 1, 9, 0]) 9]"
563,563,563,563,563,ZSAQG.mp4,How many times did the Person looking_at the doorway?,0,"[array([ 2,  3,  4,  5,  1,  6,  7,  1, 18,  0]) 9]"
564,564,564,564,564,PAW5E.mp4,How many times did the Person looking_at the food?,7,"[array([ 2,  3,  4,  5,  1,  6,  7,  1, 11,  0]) 9]"
565,565,565,565,565,O3Y57.mp4,How many times did the Person looking_at the doorway?,2,"[array([ 2,  3,  4,  5,  1,  6,  7,  1, 18,  0]) 9]"
566,566,566,566,566,WF89D.mp4,How many times did the Person looking_at the cup/glass/bottle?,2,"[array([ 2,  3,  4,  5,  1,  6,  7,  1, 15,  0]) 9]"
567,567,567,567,567,T56KO.mp4,How many times did the Person looking_at the clothes?,10,"[array([ 2,  3,  4,  5,  1,  6,  7,  1, 22,  0]) 9]"
568,568,568,568,568,PPY0W.mp4,How many times did the Person looking_at the doorway?,0,"[array([ 2,  3,  4,  5,  1,  6,  7,  1, 18,  0]) 9]"
569,569,569,569,569,S5KQ1.mp4,How many times did the Person looking_at the broom?,0,"[array([ 2,  3,  4,  5,  1,  6,  7,  1, 16,  0]) 9]"
570,570,570,570,570,TESF6.mp4,How many times did the Person looking_at the sofa/couch?,3,"[array([ 2,  3,  4,  5,  1,  6,  7,  1, 14,  0]) 9]"
571,571,571,571,571,QIT2W.mp4,How many times did the Person looking_at the food?,8,"[array([ 2,  3,  4,  5,  1,  6,  7,  1, 11,  0]) 9]"
572,572,572,572,572,OT35M.mp4,How many times did the Person looking_at the blanket?,3,"[array([ 2,  3,  4,  5,  1,  6,  7,  1, 12,  0]) 9]"
573,573,573,573,573,TIPFG.mp4,How many times did the Person looking_at the shoe?,3,"[array([ 2,  3,  4,  5,  1,  6,  7,  1, 30,  0]) 9]"
574,574,574,574,574,OIL1V.mp4,How many times did the Person looking_at the food?,8,"[array([ 2,  3,  4,  5,  1,  6,  7,  1, 11,  0]) 9]"
575,575,575,575,575,PCNUP.mp4,How many times did the Person looking_at the clothes?,2,"[array([ 2,  3,  4,  5,  1,  6,  7,  1, 22,  0]) 9]"
576,576,576,576,576,TDGNE.mp4,How many times did the Person looking_at the food?,3,"[array([ 2,  3,  4,  5,  1,  6,  7,  1, 11,  0]) 9]"
577,577,577,577,577,VBN1O.mp4,How many times did the Person looking_at the shelf?,3,"[array([ 2,  3,  4,  5,  1,  6,  7,  1, 36,  0]) 9]"
578,578,578,578,578,W8XQ9.mp4,How many times did the Person looking_at the table?,0,"[array([2, 3, 4, 5, 1, 6, 7, 1, 9, 0]) 9]"
579,579,579,579,579,OKIVH.mp4,How many times did the Person looking_at the paper/notebook?,7,"[array([ 2,  3,  4,  5,  1,  6,  7,  1, 24,  0]) 9]"
580,580,580,580,580,QZ1BS.mp4,How many times did the Person looking_at the blanket?,5,"[array([ 2,  3,  4,  5,  1,  6,  7,  1, 12,  0]) 9]"
581,581,581,581,581,TJZ0P.mp4,How many times did the Person looking_at the table?,1,"[array([2, 3, 4, 5, 1, 6, 7, 1, 9, 0]) 9]"
582,582,582,582,582,P4KFQ.mp4,How many times did the Person looking_at the table?,0,"[array([2, 3, 4, 5, 1, 6, 7, 1, 9, 0]) 9]"
583,583,583,583,583,QVD5B.mp4,How many times did the Person looking_at the blanket?,5,"[array([ 2,  3,  4,  5,  1,  6,  7,  1, 12,  0]) 9]"
584,584,584,584,584,V53GK.mp4,How many times did the Person looking_at the doorway?,4,"[array([ 2,  3,  4,  5,  1,  6,  7,  1, 18,  0]) 9]"
585,585,585,585,585,O0349.mp4,How many times did the Person looking_at the food?,5,"[array([ 2,  3,  4,  5,  1,  6,  7,  1, 11,  0]) 9]"
586,586,586,586,586,U8M2P.mp4,How many times did the Person looking_at the food?,2,"[array([ 2,  3,  4,  5,  1,  6,  7,  1, 11,  0]) 9]"
587,587,587,587,587,YQT32.mp4,How many times did the Person looking_at the table?,2,"[array([2, 3, 4, 5, 1, 6, 7, 1, 9, 0]) 9]"
588,588,588,588,588,UPT25.mp4,How many times did the Person looking_at the sofa/couch?,1,"[array([ 2,  3,  4,  5,  1,  6,  7,  1, 14,  0]) 9]"
589,589,589,589,589,QLAS7.mp4,How many times did the Person looking_at the closet/cabinet?,2,"[array([2, 3, 4, 5, 1, 6, 7, 1, 8, 0]) 9]"
590,590,590,590,590,OPSF8.mp4,How many times did the Person looking_at the table?,1,"[array([2, 3, 4, 5, 1, 6, 7, 1, 9, 0]) 9]"
591,591,591,591,591,R5WMI.mp4,How many times did the Person looking_at the clothes?,0,"[array([ 2,  3,  4,  5,  1,  6,  7,  1, 22,  0]) 9]"
592,592,592,592,592,TBRZ5.mp4,How many times did the Person looking_at the chair?,2,"[array([ 2,  3,  4,  5,  1,  6,  7,  1, 28,  0]) 9]"
593,593,593,593,593,QYPLI.mp4,How many times did the Person looking_at the sofa/couch?,1,"[array([ 2,  3,  4,  5,  1,  6,  7,  1, 14,  0]) 9]"
594,594,594,594,594,STHIK.mp4,How many times did the Person looking_at the food?,2,"[array([ 2,  3,  4,  5,  1,  6,  7,  1, 11,  0]) 9]"
595,595,595,595,595,YB7MW.mp4,How many times did the Person looking_at the floor?,0,"[array([ 2,  3,  4,  5,  1,  6,  7,  1, 19,  0]) 9]"
596,596,596,596,596,VRXQX.mp4,How many times did the Person looking_at the clothes?,2,"[array([ 2,  3,  4,  5,  1,  6,  7,  1, 22,  0]) 9]"
597,597,597,597,597,Z0DO7.mp4,How many times did the Person looking_at the food?,8,"[array([ 2,  3,  4,  5,  1,  6,  7,  1, 11,  0]) 9]"
598,598,598,598,598,RQRRD.mp4,How many times did the Person looking_at the clothes?,8,"[array([ 2,  3,  4,  5,  1,  6,  7,  1, 22,  0]) 9]"
599,599,599,599,599,TEV5K.mp4,How many times did the Person looking_at the broom?,0,"[array([ 2,  3,  4,  5,  1,  6,  7,  1, 16,  0]) 9]"
600,600,600,600,600,TFWNO.mp4,How many times did the Person looking_at the food?,7,"[array([ 2,  3,  4,  5,  1,  6,  7,  1, 11,  0]) 9]"
601,601,601,601,601,QWKVM.mp4,How many times did the Person looking_at the table?,2,"[array([2, 3, 4, 5, 1, 6, 7, 1, 9, 0]) 9]"
602,602,602,602,602,WD35N.mp4,How many times did the Person looking_at the closet/cabinet?,4,"[array([2, 3, 4, 5, 1, 6, 7, 1, 8, 0]) 9]"
603,603,603,603,603,QI0EL.mp4,How many times did the Person looking_at the table?,0,"[array([2, 3, 4, 5, 1, 6, 7, 1, 9, 0]) 9]"
604,604,604,604,604,NB0IB.mp4,How many times did the Person looking_at the clothes?,1,"[array([ 2,  3,  4,  5,  1,  6,  7,  1, 22,  0]) 9]"
605,605,605,605,605,NKE77.mp4,How many times did the Person looking_at the table?,1,"[array([2, 3, 4, 5, 1, 6, 7, 1, 9, 0]) 9]"
606,606,606,606,606,WLV4Q.mp4,How many times did the Person looking_at the towel?,1,"[array([ 2,  3,  4,  5,  1,  6,  7,  1, 20,  0]) 9]"
607,607,607,607,607,PAA7V.mp4,How many times did the Person looking_at the table?,0,"[array([2, 3, 4, 5, 1, 6, 7, 1, 9, 0]) 9]"
608,608,608,608,608,V26U3.mp4,How many times did the Person looking_at the table?,2,"[array([2, 3, 4, 5, 1, 6, 7, 1, 9, 0]) 9]"
609,609,609,609,609,NBKCK.mp4,How many times did the Person looking_at the closet/cabinet?,1,"[array([2, 3, 4, 5, 1, 6, 7, 1, 8, 0]) 9]"
610,610,610,610,610,SUJWY.mp4,How many times did the Person looking_at the sofa/couch?,0,"[array([ 2,  3,  4,  5,  1,  6,  7,  1, 14,  0]) 9]"
611,611,611,611,611,RJNAB.mp4,How many times did the Person looking_at the table?,0,"[array([2, 3, 4, 5, 1, 6, 7, 1, 9, 0]) 9]"
612,612,612,612,612,XRG9K.mp4,How many times did the Person looking_at the book?,3,"[array([ 2,  3,  4,  5,  1,  6,  7,  1, 17,  0]) 9]"
613,613,613,613,613,O1S9I.mp4,How many times did the Person looking_at the towel?,1,"[array([ 2,  3,  4,  5,  1,  6,  7,  1, 20,  0]) 9]"
614,614,614,614,614,YX3V0.mp4,How many times did the Person looking_at the table?,0,"[array([2, 3, 4, 5, 1, 6, 7, 1, 9, 0]) 9]"
615,615,615,615,615,U5RYN.mp4,How many times did the Person looking_at the clothes?,0,"[array([ 2,  3,  4,  5,  1,  6,  7,  1, 22,  0]) 9]"
616,616,616,616,616,ZND9F.mp4,How many times did the Person looking_at the food?,3,"[array([ 2,  3,  4,  5,  1,  6,  7,  1, 11,  0]) 9]"
617,617,617,617,617,ONVGA.mp4,How many times did the Person looking_at the food?,4,"[array([ 2,  3,  4,  5,  1,  6,  7,  1, 11,  0]) 9]"
618,618,618,618,618,WP5RH.mp4,How many times did the Person looking_at the doorway?,1,"[array([ 2,  3,  4,  5,  1,  6,  7,  1, 18,  0]) 9]"
619,619,619,619,619,TAQ25.mp4,How many times did the Person looking_at the table?,0,"[array([2, 3, 4, 5, 1, 6, 7, 1, 9, 0]) 9]"
620,620,620,620,620,XNGAV.mp4,How many times did the Person looking_at the phone/camera?,1,"[array([ 2,  3,  4,  5,  1,  6,  7,  1, 26,  0]) 9]"
621,621,621,621,621,NP0YG.mp4,How many times did the Person looking_at the floor?,1,"[array([ 2,  3,  4,  5,  1,  6,  7,  1, 19,  0]) 9]"
622,622,622,622,622,R1KMF.mp4,How many times did the Person looking_at the blanket?,0,"[array([ 2,  3,  4,  5,  1,  6,  7,  1, 12,  0]) 9]"
623,623,623,623,623,WEW2E.mp4,How many times did the Person looking_at the blanket?,5,"[array([ 2,  3,  4,  5,  1,  6,  7,  1, 12,  0]) 9]"
624,624,624,624,624,VS7VS.mp4,How many times did the Person looking_at the closet/cabinet?,4,"[array([2, 3, 4, 5, 1, 6, 7, 1, 8, 0]) 9]"
625,625,625,625,625,X06Z6.mp4,How many times did the Person looking_at the bed?,0,"[array([ 2,  3,  4,  5,  1,  6,  7,  1, 31,  0]) 9]"
626,626,626,626,626,UUF84.mp4,How many times did the Person looking_at the table?,0,"[array([2, 3, 4, 5, 1, 6, 7, 1, 9, 0]) 9]"
627,627,627,627,627,YNWMW.mp4,How many times did the Person looking_at the food?,10,"[array([ 2,  3,  4,  5,  1,  6,  7,  1, 11,  0]) 9]"
628,628,628,628,628,W019T.mp4,How many times did the Person looking_at the groceries?,8,"[array([ 2,  3,  4,  5,  1,  6,  7,  1, 27,  0]) 9]"
629,629,629,629,629,TJJKK.mp4,How many times did the Person looking_at the food?,4,"[array([ 2,  3,  4,  5,  1,  6,  7,  1, 11,  0]) 9]"
630,630,630,630,630,SH20Q.mp4,How many times did the Person looking_at the food?,10,"[array([ 2,  3,  4,  5,  1,  6,  7,  1, 11,  0]) 9]"
631,631,631,631,631,VE6GK.mp4,How many times did the Person looking_at the table?,1,"[array([2, 3, 4, 5, 1, 6, 7, 1, 9, 0]) 9]"
632,632,632,632,632,UETQS.mp4,How many times did the Person looking_at the table?,0,"[array([2, 3, 4, 5, 1, 6, 7, 1, 9, 0]) 9]"
633,633,633,633,633,YO3KO.mp4,How many times did the Person looking_at the table?,0,"[array([2, 3, 4, 5, 1, 6, 7, 1, 9, 0]) 9]"
634,634,634,634,634,TM0BV.mp4,How many times did the Person looking_at the blanket?,0,"[array([ 2,  3,  4,  5,  1,  6,  7,  1, 12,  0]) 9]"
635,635,635,635,635,MUE2B.mp4,How many times did the Person looking_at the door?,2,"[array([ 2,  3,  4,  5,  1,  6,  7,  1, 33,  0]) 9]"
636,636,636,636,636,PRH15.mp4,How many times did the Person looking_at the groceries?,3,"[array([ 2,  3,  4,  5,  1,  6,  7,  1, 27,  0]) 9]"
637,637,637,637,637,TUD6M.mp4,How many times did the Person looking_at the blanket?,2,"[array([ 2,  3,  4,  5,  1,  6,  7,  1, 12,  0]) 9]"
638,638,638,638,638,U9NI5.mp4,How many times did the Person looking_at the food?,9,"[array([ 2,  3,  4,  5,  1,  6,  7,  1, 11,  0]) 9]"
639,639,639,639,639,UYZKX.mp4,How many times did the Person looking_at the blanket?,8,"[array([ 2,  3,  4,  5,  1,  6,  7,  1, 12,  0]) 9]"
640,640,640,640,640,VJ0LT.mp4,How many times did the Person looking_at the food?,8,"[array([ 2,  3,  4,  5,  1,  6,  7,  1, 11,  0]) 9]"
641,641,641,641,641,Z9RED.mp4,How many times did the Person looking_at the paper/notebook?,0,"[array([ 2,  3,  4,  5,  1,  6,  7,  1, 24,  0]) 9]"
642,642,642,642,642,OTUV7.mp4,How many times did the Person looking_at the table?,0,"[array([2, 3, 4, 5, 1, 6, 7, 1, 9, 0]) 9]"
643,643,643,643,643,Y665P.mp4,How many times did the Person looking_at the table?,2,"[array([2, 3, 4, 5, 1, 6, 7, 1, 9, 0]) 9]"
644,644,644,644,644,RV5CK.mp4,How many times did the Person looking_at the clothes?,0,"[array([ 2,  3,  4,  5,  1,  6,  7,  1, 22,  0]) 9]"
645,645,645,645,645,P4SB9.mp4,How many times did the Person looking_at the food?,4,"[array([ 2,  3,  4,  5,  1,  6,  7,  1, 11,  0]) 9]"
646,646,646,646,646,V2ZO4.mp4,How many times did the Person looking_at the table?,4,"[array([2, 3, 4, 5, 1, 6, 7, 1, 9, 0]) 9]"
647,647,647,647,647,WM2J7.mp4,How many times did the Person looking_at the closet/cabinet?,1,"[array([2, 3, 4, 5, 1, 6, 7, 1, 8, 0]) 9]"
648,648,648,648,648,NBMH9.mp4,How many times did the Person looking_at the door?,3,"[array([ 2,  3,  4,  5,  1,  6,  7,  1, 33,  0]) 9]"
649,649,649,649,649,TKJCI.mp4,How many times did the Person looking_at the bed?,0,"[array([ 2,  3,  4,  5,  1,  6,  7,  1, 31,  0]) 9]"
650,650,650,650,650,YE47Y.mp4,How many times did the Person looking_at the sofa/couch?,1,"[array([ 2,  3,  4,  5,  1,  6,  7,  1, 14,  0]) 9]"
651,651,651,651,651,Y3M3W.mp4,How many times did the Person looking_at the pillow?,2,"[array([ 2,  3,  4,  5,  1,  6,  7,  1, 13,  0]) 9]"
652,652,652,652,652,ZL3QP.mp4,How many times did the Person looking_at the food?,2,"[array([ 2,  3,  4,  5,  1,  6,  7,  1, 11,  0]) 9]"
653,653,653,653,653,TA8G7.mp4,How many times did the Person looking_at the phone/camera?,3,"[array([ 2,  3,  4,  5,  1,  6,  7,  1, 26,  0]) 9]"
654,654,654,654,654,S7JTZ.mp4,How many times did the Person looking_at the doorway?,1,"[array([ 2,  3,  4,  5,  1,  6,  7,  1, 18,  0]) 9]"
655,655,655,655,655,SOZ1G.mp4,How many times did the Person looking_at the bed?,0,"[array([ 2,  3,  4,  5,  1,  6,  7,  1, 31,  0]) 9]"
656,656,656,656,656,QO4FV.mp4,How many times did the Person looking_at the cup/glass/bottle?,5,"[array([ 2,  3,  4,  5,  1,  6,  7,  1, 15,  0]) 9]"
657,657,657,657,657,ZKNPV.mp4,How many times did the Person looking_at the picture?,1,"[array([ 2,  3,  4,  5,  1,  6,  7,  1, 35,  0]) 9]"
658,658,658,658,658,YSKX3.mp4,How many times did the Person looking_at the blanket?,1,"[array([ 2,  3,  4,  5,  1,  6,  7,  1, 12,  0]) 9]"
659,659,659,659,659,XJA7Z.mp4,How many times did the Person looking_at the table?,0,"[array([2, 3, 4, 5, 1, 6, 7, 1, 9, 0]) 9]"
660,660,660,660,660,QF1Y0.mp4,How many times did the Person looking_at the doorway?,0,"[array([ 2,  3,  4,  5,  1,  6,  7,  1, 18,  0]) 9]"
661,661,661,661,661,O6DJW.mp4,How many times did the Person looking_at the food?,4,"[array([ 2,  3,  4,  5,  1,  6,  7,  1, 11,  0]) 9]"
662,662,662,662,662,R2AP7.mp4,How many times did the Person looking_at the doorway?,0,"[array([ 2,  3,  4,  5,  1,  6,  7,  1, 18,  0]) 9]"
663,663,663,663,663,NI15V.mp4,How many times did the Person looking_at the broom?,4,"[array([ 2,  3,  4,  5,  1,  6,  7,  1, 16,  0]) 9]"
664,664,664,664,664,MZZK2.mp4,How many times did the Person looking_at the paper/notebook?,5,"[array([ 2,  3,  4,  5,  1,  6,  7,  1, 24,  0]) 9]"
665,665,665,665,665,MMFQA.mp4,How many times did the Person looking_at the sofa/couch?,0,"[array([ 2,  3,  4,  5,  1,  6,  7,  1, 14,  0]) 9]"
666,666,666,666,666,XRU9O.mp4,How many times did the Person looking_at the food?,0,"[array([ 2,  3,  4,  5,  1,  6,  7,  1, 11,  0]) 9]"
667,667,667,667,667,URK3G.mp4,How many times did the Person looking_at the doorway?,0,"[array([ 2,  3,  4,  5,  1,  6,  7,  1, 18,  0]) 9]"
668,668,668,668,668,ZC017.mp4,How many times did the Person looking_at the table?,0,"[array([2, 3, 4, 5, 1, 6, 7, 1, 9, 0]) 9]"
669,669,669,669,669,TLDYG.mp4,How many times did the Person looking_at the book?,2,"[array([ 2,  3,  4,  5,  1,  6,  7,  1, 17,  0]) 9]"
670,670,670,670,670,ZQKVY.mp4,How many times did the Person looking_at the blanket?,5,"[array([ 2,  3,  4,  5,  1,  6,  7,  1, 12,  0]) 9]"
671,671,671,671,671,VNMNF.mp4,How many times did the Person looking_at the television?,5,"[array([ 2,  3,  4,  5,  1,  6,  7,  1, 39,  0]) 9]"
672,672,672,672,672,W65SM.mp4,How many times did the Person looking_at the food?,3,"[array([ 2,  3,  4,  5,  1,  6,  7,  1, 11,  0]) 9]"
673,673,673,673,673,QJM3B.mp4,How many times did the Person looking_at the table?,0,"[array([2, 3, 4, 5, 1, 6, 7, 1, 9, 0]) 9]"
674,674,674,674,674,SBBJG.mp4,How many times did the Person looking_at the clothes?,5,"[array([ 2,  3,  4,  5,  1,  6,  7,  1, 22,  0]) 9]"
675,675,675,675,675,ON2Z4.mp4,How many times did the Person looking_at the blanket?,6,"[array([ 2,  3,  4,  5,  1,  6,  7,  1, 12,  0]) 9]"
676,676,676,676,676,NATEB.mp4,How many times did the Person looking_at the door?,3,"[array([ 2,  3,  4,  5,  1,  6,  7,  1, 33,  0]) 9]"
677,677,677,677,677,NEA53.mp4,How many times did the Person looking_at the food?,1,"[array([ 2,  3,  4,  5,  1,  6,  7,  1, 11,  0]) 9]"
678,678,678,678,678,PS7XK.mp4,How many times did the Person looking_at the pillow?,0,"[array([ 2,  3,  4,  5,  1,  6,  7,  1, 13,  0]) 9]"
679,679,679,679,679,UY0SK.mp4,How many times did the Person looking_at the food?,3,"[array([ 2,  3,  4,  5,  1,  6,  7,  1, 11,  0]) 9]"
680,680,680,680,680,NO443.mp4,How many times did the Person looking_at the sofa/couch?,0,"[array([ 2,  3,  4,  5,  1,  6,  7,  1, 14,  0]) 9]"
681,681,681,681,681,XEJ35.mp4,How many times did the Person looking_at the towel?,0,"[array([ 2,  3,  4,  5,  1,  6,  7,  1, 20,  0]) 9]"
682,682,682,682,682,WVG97.mp4,How many times did the Person looking_at the clothes?,2,"[array([ 2,  3,  4,  5,  1,  6,  7,  1, 22,  0]) 9]"
683,683,683,683,683,SRTX6.mp4,How many times did the Person looking_at the food?,6,"[array([ 2,  3,  4,  5,  1,  6,  7,  1, 11,  0]) 9]"
684,684,684,684,684,XZ2WT.mp4,How many times did the Person looking_at the blanket?,11,"[array([ 2,  3,  4,  5,  1,  6,  7,  1, 12,  0]) 9]"
685,685,685,685,685,QOYH2.mp4,How many times did the Person looking_at the clothes?,2,"[array([ 2,  3,  4,  5,  1,  6,  7,  1, 22,  0]) 9]"
686,686,686,686,686,T8VDU.mp4,How many times did the Person looking_at the table?,0,"[array([2, 3, 4, 5, 1, 6, 7, 1, 9, 0]) 9]"
687,687,687,687,687,NTXXB.mp4,How many times did the Person looking_at the chair?,2,"[array([ 2,  3,  4,  5,  1,  6,  7,  1, 28,  0]) 9]"
688,688,688,688,688,OE243.mp4,How many times did the Person looking_at the broom?,5,"[array([ 2,  3,  4,  5,  1,  6,  7,  1, 16,  0]) 9]"
689,689,689,689,689,RAGOI.mp4,How many times did the Person looking_at the table?,1,"[array([2, 3, 4, 5, 1, 6, 7, 1, 9, 0]) 9]"
